Workbook

Sheet Monthly
A2: Selected Indicators | B2: 40179 | C2: 40210 | D2: 40238 | E2: 40269 | F2: 40299 | G2: 40330 | H2: 40360 | I2: 40391 | J2: 40422 | K2: 40452 | L2: 40483 | M2: 40513 | N2: 40544 | O2: 40575 | P2: 40603 | Q2: 40634 | R2: 40664 | S2: 40695 | T2: 40725 | U2: 40756 | V2: 40787 | W2: 40817 | X2: 40848 | Y2: 40878 | Z2: 40909 | AA2: 40940 | AB2: 40969 | AC2: 41000 | AD2: 41030 | AE2: 41061 | AF2: 41091 | AG2: 41122 | AH2: 41153 | AI2: 41183 | AJ2: 41214 | AK2: 41244 | AL2: 41275 | AM2: 41306 | AN2: 41334 | AO2: 41365 | AP2: 41395 | AQ2: 41426 | AR2: 41456 | AS2: 41487 | AT2: 41518 | AU2: 41548 | AV2: 41579 | AW2: 41609 | AX2: 41640 | AY2: 41671 | AZ2: 41699 | BA2: 41730 | BB2: 41760 | BC2: 41791 | BD2: 41821 | BE2: 41852 | BF2: 41883 | BG2: 41913 | BH2: 41944 | BI2: 41974 | BJ2: 42005 | BK2: 42036 | BL2: 42064 | BM2: 42095 | BN2: 42125 | BO2: 42156 | BP2: 42186 | BQ2: 42217 | BR2: 42248 | BS2: 42278 | BT2: 42309 | BU2: 42339 | BV2: 42370 | BW2: 42401 | BX2: 42430 | BY2: 42461 | BZ2: 42491 | CA2: 42522 | CB2: 42552 | CC2: 42583 | CD2: 42614 | CE2: 42644 | CF2: 42675 | CG2: 42705 | CH2: 42736 | CI2: 42767 | CJ2: 42795 | CK2: 42826 | CL2: 42856 | CM2: 42887 | CN2: 42917 | CO2: 42948 | CP2: 42979 | CQ2: 43009 | CR2: 43040 | CS2: 43070 | CT2: 43101 | CU2: 43132 | CV2: 43160 | CW2: 43191 | CX2: 43221 | CY2: 43252 | CZ2: 43282 | DA2: 43313 | DB2: 43344 | DC2: 43374 | DD2: 43405 | DE2: 43435 | DF2: 43466 | DG2: 43497 | DH2: 43525 | DI2: 43556 | DJ2: 43586 | DK2: 43617 | DL2: 43647 | DM2: 43678 | DN2: 43709 | DO2: 43739 | DP2: 43770 | DQ2: 43800 | DR2: 43831 | DS2: 43862 | DT2: 43891 | DU2: 43922 | DV2: 43952 | DW2: 43983 | DX2: 44013 | DY2: 44044 | DZ2: 44075 | EA2: 44105 | EB2: 44136 | EC2: 44166 | ED2: 44197 | EE2: 44228 | EF2: 44256 | EG2: 44287 | EH2: 44317 | EI2: 44348 | EJ2: 44378 | EK2: 44409 | EL2: 44440 | EM2: 44470 | EN2: 44501 | EO2: 44531 | EP2: 44562 | EQ2: 44593 | ER2: 44621 | ES2: 44652 | ET2: 44682 | EU2: 44713 | EV2: 44743 | EW2: 44774 | EX2: 44805 | EY2: 44835 | EZ2: 44866 | FA2: 44896 | FB2: 44927 | FC2: 44958 | FD2: 44986 | FE2: 45017 | FF2: 45047 | FG2: 45078 | FH2: 45108 | FI2: 45139 | FJ2: 45170 | FK2: 45200 | FL2: 45231 | FM2: 45261 | FN2: 45292 | FO2: 45323 | FP2: 45352 | FQ2: 45383
A3: Agriculture
A4: Horticulture Exports (MT) | V4: 15658 | W4: 17553 | X4: 17277 | Y4: 16145 | Z4: 14974 | AA4: 16053.4 | AB4: 18967 | AC4: 17407.7 | AD4: 17026.9 | AE4: 15271.1 | AF4: 17348.8 | AG4: 15868.9 | AH4: 16505.7 | AI4: 19708.4 | AJ4: 18347.3 | AK4: 18249.5 | AL4: 18397.71 | AM4: 21575.57 | AN4: 19814.19 | AO4: 19793.26 | AP4: 17135.04 | AQ4: 15180.85 | AR4: 15193.36 | AS4: 15005.36 | AT4: 17588.9 | AU4: 20291.73 | AV4: 17689.28 | AW4: 16165.4 | FR4: Addition
A5: Horticulture Exports (Ksh. Million) | V5: 6744.5 | W5: 9508.3 | X5: 6646.6 | Y5: 8914.5 | Z5: 8720.6 | AA5: 6725.7 | AB5: 6514.9 | AC5: 6317 | AD5: 6012.6 | AE5: 6227 | AF5: 7813.3 | AG5: 5825.3 | AH5: 7566.6 | AI5: 11366.8 | AJ5: 7741.9 | AK5: 9036.1 | AL5: 9071.28 | AM5: 9198.55 | AN5: 7061.08 | AO5: 5229.1 | AP5: 5924.23 | AQ5: 6995.59 | AR5: 4970.51 | AS5: 6304.29 | AT5: 5036.17 | AU5: 9117.9 | AV5: 7290.41 | AW5: 7182.38 | FR5: Addition
A6: Cut Flowers Exports (MT) | N6: 8607.2 | O6: 9516.1 | P6: 9608.3 | Q6: 11742.1 | R6: 10066.7 | S6: 8405.3 | T6: 7987.9 | U6: 7998.3 | V6: 8103.7 | W6: 9626.1 | X6: 9533.5 | Y6: 8755.1 | Z6: 9125.6 | AA6: 10126.8 | AB6: 10177.8 | AC6: 9092.5 | AD6: 9200.8 | AE6: 7058.2 | AF6: 7297.9 | AG6: 7772 | AH6: 8448.9 | AI6: 10248.3 | AJ6: 10111.2 | AK6: 9646.2 | AL6: 9485.35 | AM6: 11108.66 | AN6: 10610.98 | AO6: 8648.77 | AP6: 9470.87 | AQ6: 6853.26 | AR6: 7030.4 | AS6: 6592.11 | AT6: 6592.11 | AU6: 10019.8 | AV6: 9104.86 | AW6: 8261.52 | AX6: 8986.93 | AY6: 11514.26 | AZ6: 10669.29 | BA6: 10822 | BB6: 10769.79 | BC6: 9057.56 | BD6: 8315.83 | BE6: 7608.92 | BF6: 9647.76 | BG6: 9443.82 | BH6: 9615.63 | BI6: 8312 | BJ6: 10345.89 | BK6: 12650.72 | BL6: 11830.68 | BM6: 10873.73 | BN6: 10848.12 | BO6: 7648.16 | BP6: 7957.57 | BQ6: 8204.58 | BR6: 10538.09 | BS6: 11377.75 | BT6: 10218.62 | BU6: 10331.34 | BV6: 10016.45 | BW6: 13717.4 | BX6: 12378.88 | BY6: 12320.47 | BZ6: 11641.17 | CA6: 8904.29 | CB6: 7920.62 | CC6: 9284.47 | CD6: 10605.34 | CE6: 12542.75 | CF6: 12098.36 | CG6: 12228.15 | CH6: 12847.7 | CI6: 15576.94 | CJ6: 14394.77 | CK6: 13620.42 | CL6: 16093.2 | CM6: 12245.53 | CN6: 10163.25 | CO6: 11734.28 | CP6: 12727.64 | CQ6: 14568.45 | CR6: 12222.3 | CS6: 13766.7 | CT6: 15941.08 | CU6: 17501.03 | CV6: 14686.27 | CW6: 12833.44 | CX6: 13329.46 | CY6: 9617.48 | CZ6: 9794.81 | DA6: 11560.38 | DB6: 12854.01 | DC6: 15319.05 | DD6: 14862.36 | DE6: 12927.72 | DF6: 15585.32 | DG6: 17865.75 | DH6: 16463.44 | DI6: 15581.04 | DJ6: 15337.77 | DK6: 11744.03 | DL6: 11074.2 | DM6: 12599.63 | DN6: 14155.64 | DO6: 15105.53 | DP6: 15365.86 | DQ6: 12841.07 | DR6: 14649.06 | DS6: 17562.69 | DT6: 10438.01 | DU6: 7989.61 | DV6: 10215.07 | DW6: 9373.96 | DX6: 10928.56 | DY6: 11497.87 | DZ6: 12877.96 | EA6: 14480.22 | EB6: 12960.27 | EC6: 13060.27 | ED6: 15169.04 | EE6: 17411.9 | EF6: 17589.01 | EG6: 16473.23 | EH6: 13545.31 | EI6: 12786.28 | EJ6: 9687.18 | EK6: 19842.63 | EL6: 21584.94 | EM6: 24382.26 | EN6: 23410.82 | EO6: 18253.3 | EP6: 11360.35 | EQ6: 721998.61 | ER6: 1421655.8 | ES6: 10297.15 | ET6: 715547.18 | EU6: 8801.29 | EV6: 8425.5 | EW6: 6649.04 | EX6: 1417539.2 | EY6: 8971.1 | EZ6: 10221.18 | FA6: 11089.1 | FB6: 13414.72 | FC6: 14965.1 | FD6: 14728.41 | FE6: 14356.47 | FF6: 13451.99 | FG6: 11977.38 | FH6: 989.69 | FI6: 179.56 | FJ6: 178.48 | FK6: 14504.15 | FL6: 12841.88 | FM6: 4684.61 | FR6: Addition
A7: Cut Flowers Exports (Ksh Million) | N7: 4894.3 | O7: 5218.4 | P7: 4468.3 | Q7: 4462 | R7: 4940.7 | S7: 3858.3 | T7: 3482.1 | U7: 4297.7 | V7: 4786.8 | W7: 7203.4 | X7: 4382.5 | Y7: 6840.5 | Z7: 7225.9 | AA7: 5347.3 | AB7: 4672.7 | AC7: 4208.3 | AD7: 4255.9 | AE7: 3572.4 | AF7: 5337.2 | AG7: 3669.6 | AH7: 5588.7 | AI7: 8991.9 | AJ7: 5521.1 | AK7: 6571.4 | AL7: 6767.17 | AM7: 7275.06 | AN7: 4830.12 | AO7: 3076.23 | AP7: 4107.84 | AQ7: 4284.81 | AR7: 3083.21 | AS7: 4085.44 | AT7: 3017.82 | AU7: 6068.16 | AV7: 4327.86 | AW7: 5051.94 | AX7: 6094.76 | AY7: 6062.53 | AZ7: 7884.11 | BA7: 4442.72 | BB7: 5561.13 | BC7: 4549.28 | BD7: 4048.39 | BE7: 2870.3 | BF7: 3368.19 | BG7: 5429.03 | BH7: 5943.21 | BI7: 3639.42 | BJ7: 4379.46 | BK7: 6117.18 | BL7: 8515.11 | BM7: 4303.7 | BN7: 4431.88 | BO7: 3244.36 | BP7: 6362.96 | BQ7: 3555.01 | BR7: 4577.57 | BS7: 7143.89 | BT7: 5520.03 | BU7: 4786.4 | BV7: 8398.53 | BW7: 8073.17 | BX7: 8461.59 | BY7: 5388.81 | BZ7: 4779.79 | CA7: 6031.49 | CB7: 3373.73 | CC7: 4909.5 | CD7: 4465.33 | CE7: 6072.96 | CF7: 5354.67 | CG7: 5519.89 | CH7: 8782.27 | CI7: 8623.25 | CJ7: 6596.2 | CK7: 6330.6 | CL7: 7523.48 | CM7: 6280.96 | CN7: 4734.88 | CO7: 6733.53 | CP7: 6199.25 | CQ7: 6798.61 | CR7: 5976.81 | CS7: 7669.02 | CT7: 12354.09 | CU7: 12682.7 | CV7: 8438.88 | CW7: 9116.46 | CX7: 11531.07 | CY7: 6986.57 | CZ7: 5131.97 | DA7: 10669.69 | DB7: 8052.2 | DC7: 9029.33 | DD7: 12109.92 | DE7: 8089.85 | DF7: 9939.87 | DG7: 10914.69 | DH7: 8861.73 | DI7: 9960 | DJ7: 9384.86 | DK7: 6137.83 | DL7: 6187.88 | DM7: 7818.28 | DN7: 6611.52 | DO7: 7913.55 | DP7: 8575.51 | DQ7: 11836.04 | DR7: 12607.09 | DS7: 11907.04 | DT7: 13986.5 | DU7: 8608.43 | DV7: 6254.05 | DW7: 5355.97 | DX7: 7154.46 | DY7: 7973.91 | DZ7: 10508.4 | EA7: 7473.06 | EB7: 7216.09 | EC7: 8463.58 | ED7: 10767.58 | EE7: 11947.44 | EF7: 9420.27 | EG7: 8525.04 | EH7: 7066.07 | EI7: 5475.7 | EJ7: 4603.25 | EK7: 9810.21 | EL7: 10448.8 | EM7: 12785.51 | EN7: 10234.87 | EO7: 9764.52 | EP7: 6497.7 | EQ7: 8542.67 | ER7: 6765.72 | ES7: 5494.73 | ET7: 5469.26 | EU7: 4586.4 | EV7: 4386.34 | EW7: 2958.44 | EX7: 3341.07 | EY7: 3990.07 | EZ7: 4507.59 | FA7: 4933.32 | FB7: 7803.99 | FC7: 9844.94 | FD7: 8516.2 | FE7: 8507.72 | FF7: 8149.42 | FG7: 7118.31 | FH7: 559.73 | FI7: 416.9 | FJ7: 682.54 | FK7: 9183.48 | FL7: 9471.56 | FM7: 3199.79 | FR7: Addition
A8: Fruits Exports (MT) | N8: 1330.3 | O8: 2024.6 | P8: 4823.8 | Q8: 3973.4 | R8: 4298.8 | S8: 2337.4 | T8: 2197.6 | U8: 1919.3 | V8: 965.4 | W8: 910.1 | X8: 1036.9 | Y8: 1233.3 | Z8: 1551.4 | AA8: 2287.7 | AB8: 3528.6 | AC8: 2827.1 | AD8: 2480.1 | AE8: 3361.8 | AF8: 4838.5 | AG8: 3675.9 | AH8: 2381 | AI8: 1193.7 | AJ8: 1381.4 | AK8: 1562.9 | AL8: 1534.62 | AM8: 2367.21 | AN8: 3858.7 | AO8: 4780.72 | AP8: 2473.41 | AQ8: 2095.45 | AR8: 3049.39 | AS8: 2647.15 | AT8: 1712.31 | AU8: 2181.23 | AV8: 1922.28 | AW8: 2485 | AX8: 3037.65 | AY8: 3429.73 | AZ8: 2725.43 | BA8: 3482.85 | BB8: 3056.58 | BC8: 3347.01 | BD8: 3951.95 | BE8: 3417.67 | BF8: 2502.79 | BG8: 1992.42 | BH8: 2092.84 | BI8: 2112.29 | BJ8: 2714.41 | BK8: 2955.94 | BL8: 3468.87 | BM8: 3850.57 | BN8: 3667.32 | BO8: 4562.91 | BP8: 5614.13 | BQ8: 3782.35 | BR8: 7473.63 | BS8: 2406.24 | BT8: 2477.74 | BU8: 3272.23 | BV8: 3385.51 | BW8: 3807.98 | BX8: 6129.92 | BY8: 7865.7 | BZ8: 4748.73 | CA8: 4245.78 | CB8: 4274.02 | CC8: 4119.43 | CD8: 2278.11 | CE8: 2297.36 | CF8: 2417.37 | CG8: 3087.92 | CH8: 5870.92 | CI8: 4922.09 | CJ8: 6151.45 | CK8: 6361.8 | CL8: 7180.31 | CM8: 6821.85 | CN8: 5475.41 | CO8: 3908.37 | CP8: 3441.02 | CQ8: 1815.36 | CR8: 2301.27 | CS8: 2695.52 | CT8: 2897.01 | CU8: 5973.81 | CV8: 10758.95 | CW8: 11995.51 | CX8: 7535.17 | CY8: 6948.9 | CZ8: 7020.27 | DA8: 8403.1 | DB8: 5989.53 | DC8: 2235.8 | DD8: 2577.43 | DE8: 3306.5 | DF8: 3241.48 | DG8: 8564.62 | DH8: 12183.15 | DI8: 10403.68 | DJ8: 8915.77 | DK8: 7038.09 | DL8: 8546.38 | DM8: 6409.13 | DN8: 4039.75 | DO8: 4684.22 | DP8: 4122.71 | DQ8: 3733.84 | DR8: 6340.04 | DS8: 8370.27 | DT8: 11433.3 | DU8: 11671.61 | DV8: 13492.51 | DW8: 10367.69 | DX8: 9990.93 | DY8: 8874.5 | DZ8: 6250.47 | EA8: 7073.45 | EB8: 5607.97 | EC8: 5586.8 | ED8: 7071.82 | EE8: 11738.47 | EF8: 19399.89 | EG8: 19046.36 | EH8: 13433.19 | EI8: 11415.49 | EJ8: 5116.9 | EK8: 8742.79 | EL8: 6260.5 | EM8: 5105.03 | EN8: 3157.16 | EO8: 6834.19 | EP8: 5631.1 | EQ8: 2083.84 | ER8: 7495.87 | ES8: 8372.43 | ET8: 9584.9 | EU8: 10905.97 | EV8: 14352.89 | EW8: 11042.71 | EX8: 6992.45 | EY8: 5775.82 | EZ8: 5394.69 | FA8: 4949.13 | FB8: 13539.46 | FC8: 7357.47 | FD8: 16696.8 | FE8: 25735.04 | FF8: 21865.24 | FG8: 21229.39 | FH8: 25130.29 | FI8: 26484.04 | FJ8: 14886.92 | FK8: 10002.6 | FL8: 3474.92 | FM8: 1699.5 | FR8: Addition
A9: Fruits Exports (Ksh Million) | N9: 191.8 | O9: 351 | P9: 539.3 | Q9: 436.3 | R9: 412.3 | S9: 288.1 | T9: 308.6 | U9: 308.7 | V9: 157.2 | W9: 194.5 | X9: 168.5 | Y9: 179.3 | Z9: 196.1 | AA9: 241.7 | AB9: 325.9 | AC9: 294.9 | AD9: 343.4 | AE9: 502.9 | AF9: 716.3 | AG9: 807.6 | AH9: 397.1 | AI9: 317.2 | AJ9: 253.5 | AK9: 283.2 | AL9: 229.46 | AM9: 293.1 | AN9: 406.09 | AO9: 483.41 | AP9: 340.1 | AQ9: 380.97 | AR9: 446.62 | AS9: 398.67 | AT9: 219.85 | AU9: 445.13 | AV9: 403.15 | AW9: 435.97 | AX9: 435.92 | AY9: 403.92 | AZ9: 377.43 | BA9: 574.13 | BB9: 324.41 | BC9: 441.47 | BD9: 581.32 | BE9: 576.84 | BF9: 654.75 | BG9: 418.84 | BH9: 317.29 | BI9: 304.32 | BJ9: 476.82 | BK9: 412.23 | BL9: 496.71 | BM9: 548.16 | BN9: 436.24 | BO9: 557.52 | BP9: 882.68 | BQ9: 613.49 | BR9: 623.85 | BS9: 477.01 | BT9: 445.38 | BU9: 591.71 | BV9: 605.03 | BW9: 561.37 | BX9: 852.27 | BY9: 1073.93 | BZ9: 643.76 | CA9: 562.91 | CB9: 675.38 | CC9: 776.39 | CD9: 377.65 | CE9: 365.15 | CF9: 377.66 | CG9: 445.76 | CH9: 819.86 | CI9: 678.67 | CJ9: 853.46 | CK9: 832.96 | CL9: 954.86 | CM9: 1187.28 | CN9: 1066.66 | CO9: 786.16 | CP9: 649.33 | CQ9: 316.44 | CR9: 374.8 | CS9: 488.84 | CT9: 458.01 | CU9: 827.86 | CV9: 2079.12 | CW9: 1627.26 | CX9: 1076.26 | CY9: 1241.66 | CZ9: 1213.97 | DA9: 1608.97 | DB9: 1268.93 | DC9: 393.45 | DD9: 465.46 | DE9: 570.14 | DF9: 507.45 | DG9: 1236.09 | DH9: 1757.85 | DI9: 1542.81 | DJ9: 1152.12 | DK9: 1201.85 | DL9: 1556.23 | DM9: 1158.65 | DN9: 522.83 | DO9: 913.66 | DP9: 810.09 | DQ9: 829.42 | DR9: 1076 | DS9: 1044.26 | DT9: 1683.33 | DU9: 1640.06 | DV9: 5642.88 | DW9: 1431.74 | DX9: 1424.36 | DY9: 1286.9 | DZ9: 990.26 | EA9: 889.94 | EB9: 646.27 | EC9: 670.96 | ED9: 1038.19 | EE9: 1697.31 | EF9: 2893.9 | EG9: 2719.63 | EH9: 1927.87 | EI9: 1804.96 | EJ9: 919.67 | EK9: 1614.25 | EL9: 1346.72 | EM9: 745.01 | EN9: 870.38 | EO9: 805.01 | EP9: 762.1 | EQ9: 291.81 | ER9: 954.8 | ES9: 1119.08 | ET9: 1162.11 | EU9: 1343.36 | EV9: 1758.37 | EW9: 1521.69 | EX9: 1094.93 | EY9: 953.49 | EZ9: 722.35 | FA9: 664.1 | FB9: 2204.99 | FC9: 1045.46 | FD9: 2835.59 | FE9: 4315.05 | FF9: 3766.27 | FG9: 3575.54 | FH9: 4426.65 | FI9: 4959.62 | FJ9: 2559.2 | FK9: 1869.63 | FL9: 566.27 | FM9: 248.89 | FR9: Addition
A10: Vegetables Exports (MT) | N10: 6293.5 | O10: 5990.4 | P10: 6854.5 | Q10: 7732.4 | R10: 7473.9 | S10: 6987.6 | T10: 5234.2 | U10: 6210.3 | V10: 6588.6 | W10: 7016.5 | X10: 6706.8 | Y10: 6157 | Z10: 4297 | AA10: 3638.9 | AB10: 5260.6 | AC10: 5488.1 | AD10: 5346 | AE10: 4851 | AF10: 5212.3 | AG10: 4421 | AH10: 5675.8 | AI10: 8266.4 | AJ10: 6854.6 | AK10: 7040.4 | AL10: 7377.74 | AM10: 8099.7 | AN10: 5344.51 | AO10: 6363.77 | AP10: 5190.76 | AQ10: 6232.14 | AR10: 5113.57 | AS10: 5766.1 | AT10: 7512.3 | AU10: 8090.7 | AV10: 6662.14 | AW10: 5418.88 | AX10: 6471.3 | AY10: 4696.2 | AZ10: 5438.82 | BA10: 6263.91 | BB10: 6032.04 | BC10: 5832.06 | BD10: 4846.55 | BE10: 5432.45 | BF10: 6337.67 | BG10: 8202.14 | BH10: 5380.74 | BI10: 5400.66 | BJ10: 5109.74 | BK10: 4992.44 | BL10: 5959.02 | BM10: 6686 | BN10: 4644.36 | BO10: 4693.06 | BP10: 3787.02 | BQ10: 4191.62 | BR10: 7176.76 | BS10: 8395.18 | BT10: 6731.88 | BU10: 6575.33 | BV10: 6758.37 | BW10: 4811.68 | BX10: 5804.76 | BY10: 5744.89 | BZ10: 4870.06 | CA10: 7007.28 | CB10: 5785.96 | CC10: 6245.95 | CD10: 8040.14 | CE10: 8486.92 | CF10: 8256.31 | CG10: 6978.28 | CH10: 8326.11 | CI10: 6962.03 | CJ10: 7345.77 | CK10: 5675.43 | CL10: 7274.99 | CM10: 7203.98 | CN10: 6539.94 | CO10: 7713.89 | CP10: 7648.91 | CQ10: 7953.25 | CR10: 7152.79 | CS10: 7443.18 | CT10: 8293.18 | CU10: 6128.07 | CV10: 7548.81 | CW10: 4825.37 | CX10: 6792.62 | CY10: 4946.37 | CZ10: 4421.85 | DA10: 7090.14 | DB10: 10148.38 | DC10: 10841.18 | DD10: 8819.18 | DE10: 5963.54 | DF10: 9794.17 | DG10: 7016.72 | DH10: 5357.63 | DI10: 5149.66 | DJ10: 5275.12 | DK10: 5770.09 | DL10: 5218.74 | DM10: 5312.26 | DN10: 5061.47 | DO10: 6003.68 | DP10: 6500.21 | DQ10: 6273.72 | DR10: 4834.01 | DS10: 4809.2 | DT10: 5585.21 | DU10: 4839.67 | DV10: 4281.66 | DW10: 4678.09 | DX10: 4547 | DY10: 4561.09 | DZ10: 5405 | EA10: 6274.31 | EB10: 5551.46 | EC10: 7208.7 | ED10: 6066.26 | EE10: 5363.26 | EF10: 7053.12 | EG10: 6177.43 | EH10: 6694.81 | EI10: 8942.62 | EJ10: 3522.29 | EK10: 7206.65 | EL10: 7956.41 | EM10: 8435.29 | EN10: 4001.6 | EO10: 6643.5 | EP10: 2355.98 | EQ10: 2687.27 | ER10: 6746.42 | ES10: 5199.03 | ET10: 4411.57 | EU10: 5016.12 | EV10: 3386.96 | EW10: 6022.55 | EX10: 5671.93 | EY10: 6821.14 | EZ10: 6239.38 | FA10: 6935.02 | FB10: 13133.25 | FC10: 9339.6 | FD10: 9955.59 | FE10: 9040.69 | FF10: 13365.22 | FG10: 13975.13 | FH10: 12954.37 | FI10: 18562.68 | FJ10: 24607.34 | FK10: 19752.72 | FL10: 14599.76 | FM10: 4777.58 | FR10: Addition
A11: Vegetables Exports (Ksh Million) | N11: 2384.3 | O11: 1798.9 | P11: 2539.9 | Q11: 2260.2 | R11: 2961.6 | S11: 2689.2 | T11: 1740.2 | U11: 1975.6 | V11: 1800.4 | W11: 2110.4 | X11: 2095.6 | Y11: 1894.7 | Z11: 1298.5 | AA11: 1136.7 | AB11: 1516.3 | AC11: 1813.8 | AD11: 1413.3 | AE11: 2151.6 | AF11: 1759.8 | AG11: 1348.1 | AH11: 1580.8 | AI11: 2057.7 | AJ11: 1967.3 | AK11: 2181.6 | AL11: 2074.65 | AM11: 1630.39 | AN11: 1824.87 | AO11: 1669.46 | AP11: 1476.29 | AQ11: 2329.81 | AR11: 1440.68 | AS11: 1820.18 | AT11: 1798.5 | AU11: 2604.61 | AV11: 2559.4 | AW11: 1694.47 | AX11: 1845.56 | AY11: 1262.87 | AZ11: 1479.17 | BA11: 1618.92 | BB11: 1648.08 | BC11: 1546.46 | BD11: 1508.39 | BE11: 1756.11 | BF11: 1455.92 | BG11: 1531.95 | BH11: 1554.31 | BI11: 1572.89 | BJ11: 1556.47 | BK11: 1362.6 | BL11: 1498.63 | BM11: 1371.45 | BN11: 1431.59 | BO11: 1337.88 | BP11: 1305.19 | BQ11: 1655.3 | BR11: 2985.9 | BS11: 2283.57 | BT11: 2129.59 | BU11: 2021.33 | BV11: 1923.64 | BW11: 1516.29 | BX11: 1825.83 | BY11: 2147.97 | BZ11: 1580.73 | CA11: 3698.28 | CB11: 1527.75 | CC11: 1607.08 | CD11: 1815.98 | CE11: 1873.98 | CF11: 1909.08 | CG11: 1940.17 | CH11: 1956.81 | CI11: 1639.72 | CJ11: 1644.29 | CK11: 1813.27 | CL11: 1814.03 | CM11: 1927.01 | CN11: 2858.39 | CO11: 1717.46 | CP11: 2113.84 | CQ11: 1944 | CR11: 1923.05 | CS11: 2712.78 | CT11: 2086.58 | CU11: 2946.02 | CV11: 2098.62 | CW11: 2130.99 | CX11: 1949.64 | CY11: 1410.29 | CZ11: 1387.96 | DA11: 2842.46 | DB11: 2535.59 | DC11: 2617.76 | DD11: 2426.02 | DE11: 3253.25 | DF11: 2503.41 | DG11: 1869.56 | DH11: 1826.03 | DI11: 2171.14 | DJ11: 1810.5 | DK11: 3746.19 | DL11: 1736.8 | DM11: 2173.38 | DN11: 2602.52 | DO11: 1996.43 | DP11: 2444.94 | DQ11: 2366.88 | DR11: 2355.84 | DS11: 1983.4 | DT11: 2338.23 | DU11: 1664.25 | DV11: 2176.03 | DW11: 1741.78 | DX11: 1819.98 | DY11: 1708.51 | DZ11: 1910.75 | EA11: 2169.66 | EB11: 1929.8 | EC11: 2430.21 | ED11: 3430.9 | EE11: 2222.24 | EF11: 2697.68 | EG11: 2253.52 | EH11: 2472.27 | EI11: 2447.22 | EJ11: 1297.88 | EK11: 2664.92 | EL11: 2601.13 | EM11: 2608.88 | EN11: 2085.64 | EO11: 1678.4 | EP11: 867.14 | EQ11: 228.12 | ER11: 1109.34 | ES11: 1062.32 | ET11: 1121.2 | EU11: 1038.09 | EV11: 1294.81 | EW11: 1316.61 | EX11: 1232.3 | EY11: 1428.05 | EZ11: 1763.46 | FA11: 2121.68 | FB11: 3186.02 | FC11: 2347.31 | FD11: 2734.92 | FE11: 3010.64 | FF11: 4318.57 | FG11: 3987.78 | FH11: 3890.62 | FI11: 5020.34 | FJ11: 5903.31 | FK11: 7647.58 | FL11: 7456.62 | FM11: 1362.95 | FR11: Addition
A12: Coffee Exports (MT) | V12: 3317 | W12: 3298 | X12: 1989.9 | Y12: 1672 | Z12: 3093.7 | AA12: 3668 | AB12: 5068.9 | AC12: 4624.5 | AD12: 4923.9 | AE12: 4887.2 | AF12: 5727.3 | AG12: 4483.8 | AH12: 4421 | AI12: 4481.5 | AJ12: 4109.6 | AK12: 2223.2 | AL12: 3093.7 | AM12: 3668 | AN12: 5068.9 | AO12: 3986.1 | AP12: 5163.8 | AQ12: 5237.7 | AR12: 4652.1 | AS12: 4740.8 | AT12: 4802.3 | AU12: 3899.2 | AV12: 3808.2 | AW12: 2675 | AX12: 3168.9 | AY12: 3077.9 | AZ12: 4583.6 | BA12: 4858.3 | BB12: 4593.6 | BC12: 4587.4 | BD12: 5424.5 | BE12: 3313.1 | BF12: 3944.1 | BG12: 3617.7 | BH12: 3717.9 | BI12: 2550.9 | BJ12: 2843.8 | BK12: 2883.6 | BL12: 4289.5 | BM12: 3948.3 | BN12: 4382.8 | BO12: 4219.9 | BP12: 3938.3 | BQ12: 3991.1 | BR12: 3404.9 | BS12: 4399.9 | BT12: 2769.3 | BU12: 2528.1 | BV12: 2448.81 | BW12: 3276.64 | BX12: 4168.55 | BY12: 4803.85 | BZ12: 4814.01 | CA12: 4982.7 | CB12: 3986.91 | CC12: 3718.69 | CD12: 3172.75 | CE12: 3116.14 | CF12: 3928.6 | CG12: 2885.77 | CH12: 3213.6 | CI12: 3868.37 | CJ12: 5447.43 | CK12: 4200.84 | CL12: 5423.67 | CM12: 4442.89 | CN12: 3597.63 | CO12: 2648.78 | CP12: 3133.57 | CQ12: 2335.03 | CR12: 3195.62 | CS12: 1955.49 | CT12: 2509.26 | CU12: 2834.28 | CV12: 3936.1 | CW12: 4550.24 | CX12: 5572.91 | CY12: 4649.03 | CZ12: 4683.09 | DA12: 2972.69 | DB12: 2519.53 | DC12: 3521.39 | DD12: 4619.48 | DE12: 2311.6 | DF12: 3469.39 | DG12: 4567.37 | DH12: 4351.34 | DI12: 4551.54 | DJ12: 5489.9 | DK12: 4548.7 | DL12: 5115.45 | DM12: 3931.89 | DN12: 3144.73 | DO12: 3985.76 | DP12: 3664.41 | DQ12: 1905.94 | DR12: 2639.38 | DS12: 3168.5 | DT12: 4604.42 | DU12: 4395.52 | DV12: 4312.75 | DW12: 5414.08 | DX12: 3546.25 | DY12: 3181.82 | DZ12: 3391.49 | EA12: 2732.15 | EB12: 3594.29 | EC12: 2405.44 | ED12: 2129.36 | EE12: 3481.13 | EF12: 6065.07 | EG12: 3337.01 | EH12: 4430.33 | EI12: 3436.88 | EJ12: 2696.29 | EK12: 2504.38 | EL12: 2480.29 | EM12: 2432.2 | EN12: 2170.19 | EO12: 2314.35 | EP12: 3238.6 | EQ12: 4617.63 | ER12: 4066.91 | ES12: 5749.32 | ET12: 5902.59 | EU12: 4945.48 | EV12: 5179.34 | EW12: 3212.76 | EX12: 3172.29 | EY12: 3223.81 | EZ12: 3653.89 | FA12: 2223.8 | FB12: 1921.19 | FC12: 3877.74 | FD12: 5486 | FE12: 5428.04 | FF12: 6359.29 | FG12: 7078.27 | FH12: 6174.9 | FI12: 4652.03 | FJ12: 2967.04 | FK12: 1704.74 | FL12: 1694.58 | FM12: 1478.34 | FN12: 2685.8 | FO12: 2745.22 | FP12: 4291.32 | FR12: Addition
A13: Coffee Export (Ksh Million) | V13: 2161.4 | W13: 2133.5 | X13: 1173 | Y13: 940.4 | Z13: 1453.7 | AA13: 1937.4 | AB13: 2550.4 | AC13: 2368.7 | AD13: 2274.6 | AE13: 2098.2 | AF13: 2396.9 | AG13: 1712 | AH13: 1596.2 | AI13: 1689.7 | AJ13: 1453.1 | AK13: 740.4 | AL13: 1453.7 | AM13: 1937.4 | AN13: 2550.4 | AO13: 1361.5 | AP13: 1789.8 | AQ13: 1778.3 | AR13: 1555.8 | AS13: 1409 | AT13: 1436.1 | AU13: 1302.9 | AV13: 1153.1 | AW13: 862.3 | AX13: 1054.8 | AY13: 1117.6 | AZ13: 1533.2 | BA13: 2013.3 | BB13: 2024.2 | BC13: 2006.8 | BD13: 2383.4 | BE13: 1473.6 | BF13: 1722 | BG13: 1645.1 | BH13: 1747 | BI13: 1192.3 | BJ13: 1306.5 | BK13: 1338.5 | BL13: 2025.1 | BM13: 1900.5 | BN13: 2235.8 | BO13: 2068.1 | BP13: 1943 | BQ13: 1790.3 | BR13: 1617.4 | BS13: 2019.1 | BT13: 1243.5 | BU13: 1092 | BV13: 1184.3 | BW13: 1636.25 | BX13: 2206.07 | BY13: 2540.37 | BZ13: 2170.48 | CA13: 2369.1 | CB13: 1797.66 | CC13: 1636.87 | CD13: 1398.5 | CE13: 1489.24 | CF13: 1690.64 | CG13: 1251.95 | CH13: 1552.64 | CI13: 2093.59 | CJ13: 3231.4 | CK13: 2697.57 | CL13: 3116.68 | CM13: 2500.75 | CN13: 1971.05 | CO13: 1311.27 | CP13: 1516.1 | CQ13: 1121.21 | CR13: 1565.89 | CS13: 774.53 | CT13: 1285.98 | CU13: 1612.42 | CV13: 2236.94 | CW13: 2822.2 | CX13: 3209.36 | CY13: 2664.46 | CZ13: 2457.05 | DA13: 1546.91 | DB13: 1141.39 | DC13: 1467.33 | DD13: 1729.5 | DE13: 921.35 | DF13: 1498.72 | DG13: 1903.18 | DH13: 2256.18 | DI13: 2500.94 | DJ13: 2699.81 | DK13: 1963.94 | DL13: 1713.18 | DM13: 1461.51 | DN13: 1112.65 | DO13: 1390.06 | DP13: 1175.66 | DQ13: 633.74 | DR13: 985.32 | DS13: 1686.82 | DT13: 2410.16 | DU13: 2590.2 | DV13: 2279.12 | DW13: 2956.33 | DX13: 1799.26 | DY13: 1484.15 | DZ13: 1606.84 | EA13: 1322.08 | EB13: 1836.61 | EC13: 1284.84 | ED13: 1342.45 | EE13: 2161.12 | EF13: 4556.94 | EG13: 2307.12 | EH13: 3010.49 | EI13: 2271.77 | EJ13: 1763.9 | EK13: 1657.82 | EL13: 1735.13 | EM13: 1674.37 | EN13: 1740.12 | EO13: 1918.64 | EP13: 2633.51 | EQ13: 3546.19 | ER13: 3415.52 | ES13: 4467.98 | ET13: 4876.67 | EU13: 3818.23 | EV13: 3824.46 | EW13: 2482.09 | EX13: 2364.86 | EY13: 2412.46 | EZ13: 2387.92 | FA13: 1415.65 | FB13: 1217.32 | FC13: 2569.47 | FD13: 3850.91 | FE13: 3895.82 | FF13: 4744.53 | FG13: 5000.89 | FH13: 4191.84 | FI13: 3263.78 | FJ13: 2023.86 | FK13: 1268.72 | FL13: 1357.99 | FM13: 1225.7 | FN13: 2112.12 | FO13: 2134.13 | FP13: 3349.81 | FR13: Addition
A14: Tea Export (MT) | V14: 26429.7 | W14: 29421.7 | X14: 33352.5 | Y14: 35186.6 | Z14: 35381.6 | AA14: 37656.2 | AB14: 31280.3 | AC14: 26816.3 | AD14: 25060.1 | AE14: 29147.6 | AF14: 28054.4 | AG14: 30996.2 | AH14: 30688.6 | AI14: 33166.5 | AJ14: 38681 | AK14: 30067.4 | AL14: 35381.6 | AM14: 37656.2 | AN14: 31280.3 | AO14: 33661.5 | AP14: 40935.5 | AQ14: 37782.7 | AR14: 43760.8 | AS14: 36175.1 | AT14: 34082.3 | AU14: 33531.7 | AV14: 40054.4 | AW14: 38740.7 | AX14: 38651.9 | AY14: 33514.1 | AZ14: 37642.4 | BA14: 37439 | BB14: 36215.5 | BC14: 39010.7 | BD14: 42393.4 | BE14: 38120.5 | BF14: 35960.6 | BG14: 37637.2 | BH14: 38275.2 | BI14: 41631.3 | BJ14: 40970.1 | BK14: 41086.2 | BL14: 35699.6 | BM14: 28262.1 | BN14: 27016.3 | BO14: 35914.8 | BP14: 30623 | BQ14: 27687.5 | BR14: 33528.1 | BS14: 40246.1 | BT14: 36714.2 | BU14: 42779.4 | BV14: 36574.84 | BW14: 43292.1 | BX14: 37571.21 | BY14: 39312.62 | BZ14: 44901.21 | CA14: 52175.28 | CB14: 42751.15 | CC14: 39672.66 | CD14: 33528.46 | CE14: 29655.58 | CF14: 41138.04 | CG14: 39396.12 | CH14: 46434.4 | CI14: 33897.69 | CJ14: 33662.22 | CK14: 32091.19 | CL14: 39328.77 | CM14: 42369.54 | CN14: 41437.02 | CO14: 29628.45 | CP14: 43469.19 | CQ14: 41172.86 | CR14: 39127.97 | CS14: 44412.57 | CT14: 48446.76 | CU14: 47356.65 | CV14: 34487.7 | CW14: 33564.66 | CX14: 42532.98 | CY14: 45182.21 | CZ14: 45242.32 | DA14: 38022.53 | DB14: 40267.54 | DC14: 43893.85 | DD14: 44107.54 | DE14: 38680.96 | DF14: 48622.81 | DG14: 41026.62 | DH14: 42457.17 | DI14: 36883.92 | DJ14: 36993.68 | DK14: 29355.17 | DL14: 33657.14 | DM14: 41275.96 | DN14: 36325.07 | DO14: 45373.9 | DP14: 43650.47 | DQ14: 39312.4 | DR14: 48770.49 | DS14: 47569.72 | DT14: 51440.71 | DU14: 57722.34 | DV14: 48594.07 | DW14: 46399.01 | DX14: 46850.57 | DY14: 47034.93 | DZ14: 44724.7 | EA14: 43655.91 | EB14: 46352.88 | EC14: 46166.69 | ED14: 48811.79 | EE14: 50389.92 | EF14: 53432.1 | EG14: 51899.23 | EH14: 50041.59 | EI14: 43993.25 | EJ14: 43844.48 | EK14: 44421.07 | EL14: 36307.66 | EM14: 40078.09 | EN14: 45318.19 | EO14: 47922.07 | EP14: 45584.65 | EQ14: 44093.16 | ER14: 46043.56 | ES14: 43446.02 | ET14: 47380.14 | EU14: 46794.67 | EV14: 45583.93 | EW14: 42940.45 | EX14: 48312.32 | EY14: 41077.4 | EZ14: 51640.54 | FA14: 47847.99 | FB14: 44556.08 | FC14: 44328.68 | FD14: 50831.02 | FE14: 37025.13 | FF14: 48229.28 | FG14: 45317.56 | FH14: 39943.62 | FI14: 58590.66 | FJ14: 47806.68 | FK14: 45359.87 | FL14: 49507.33 | FM14: 46524.9 | FN14: 51187.58 | FO14: 59043.65 | FP14: 59599.15 | FR14: Addition
A15: Tea Export (Ksh Million) | V15: 7686.4 | W15: 8855.3 | X15: 9333.6 | Y15: 9145.1 | Z15: 9122.8 | AA15: 9414.5 | AB15: 7804.2 | AC15: 6751.1 | AD15: 6445.2 | AE15: 7770.2 | AF15: 7812.6 | AG15: 8798 | AH15: 8771.3 | AI15: 9447.5 | AJ15: 10840.4 | AK15: 8462.9 | AL15: 9122.8 | AM15: 9414.5 | AN15: 7804.2 | AO15: 8011.9 | AP15: 9462.9 | AQ15: 8515.1 | AR15: 9911 | AS15: 8236.4 | AT15: 7635.4 | AU15: 6977 | AV15: 7834.3 | AW15: 7991.4 | AX15: 8784.3 | AY15: 7316.6 | AZ15: 7937.6 | BA15: 7781.7 | BB15: 7380 | BC15: 7692.3 | BD15: 8468 | BE15: 7974.2 | BF15: 7243.6 | BG15: 7444.3 | BH15: 7594.6 | BI15: 8378.6 | BJ15: 8484.7 | BK15: 9313.4 | BL15: 8796.1 | BM15: 7189.1 | BN15: 7505.7 | BO15: 11262.8 | BP15: 10146.4 | BQ15: 9481 | BR15: 11412.8 | BS15: 13538.3 | BT15: 12126 | BU15: 13768.2 | BV15: 11013.11 | BW15: 12200.37 | BX15: 9886.75 | BY15: 9516.83 | BZ15: 10657.68 | CA15: 12613.19 | CB15: 10679.32 | CC15: 9993.36 | CD15: 8453.73 | CE15: 7547.5 | CF15: 11123.43 | CG15: 10811.39 | CH15: 14072.07 | CI15: 10879.8 | CJ15: 10693.17 | CK15: 9991.02 | CL15: 12354.06 | CM15: 13485.25 | CN15: 13442.3 | CO15: 9268.76 | CP15: 13569.85 | CQ15: 13147.28 | CR15: 12712.92 | CS15: 13634.34 | CT15: 14964.45 | CU15: 14656.94 | CV15: 10470.94 | CW15: 9829.58 | CX15: 11703.03 | CY15: 12463.24 | CZ15: 12226.12 | DA15: 9919.47 | DB15: 10478.62 | DC15: 11327.26 | DD15: 11014.55 | DE15: 9781.31 | DF15: 11831.3 | DG15: 9638.24 | DH15: 9910.41 | DI15: 8630.54 | DJ15: 9292.8 | DK15: 7154.11 | DL15: 7788.4 | DM15: 9458.09 | DN15: 8462.91 | DO15: 11064.77 | DP15: 10735.39 | DQ15: 9483.99 | DR15: 11452.01 | DS15: 11021.86 | DT15: 11665.48 | DU15: 13192.62 | DV15: 11289.33 | DW15: 10293 | DX15: 10013.82 | DY15: 10269.11 | DZ15: 10199.89 | EA15: 9937.34 | EB15: 10610.96 | EC15: 10300.58 | ED15: 11378.64 | EE15: 11725.86 | EF15: 12672.9 | EG15: 11575.75 | EH15: 11070.79 | EI15: 9547.74 | EJ15: 9203.5 | EK15: 9874.4 | EL15: 8565.59 | EM15: 10316.47 | EN15: 12180.56 | EO15: 12724.88 | EP15: 12628.76 | EQ15: 13303.4 | ER15: 13558.64 | ES15: 12769.02 | ET15: 13776.91 | EU15: 13693.39 | EV15: 13464.54 | EW15: 12603.59 | EX15: 14167.67 | EY15: 12252.62 | EZ15: 16035.25 | FA15: 14892.05 | FB15: 13519.65 | FC15: 13510.62 | FD15: 16190.79 | FE15: 12179.71 | FF15: 16176.45 | FG15: 15446.15 | FH15: 12910.37 | FI15: 20193.05 | FJ15: 16980.13 | FK15: 16111.63 | FL15: 17767.98 | FM15: 17283.71 | FN15: 18267.6 | FO15: 20429.82 | FP15: 19070.04 | FR15: Addition
A16: Cane Deliveries ('000 Metric Tonnes) | AX16: 693.47 | AY16: 620.51 | AZ16: 645.88 | BA16: 543.85 | BB16: 533.67 | BC16: 523.75 | BD16: 593.2 | BE16: 547.65 | BF16: 533.43 | BG16: 467.11 | BH16: 369.34 | BI16: 405.79 | BJ16: 676.67 | BK16: 596.04 | BL16: 675.09 | BM16: 558.33 | BN16: 542.06 | BO16: 560.96 | BP16: 558.9 | BQ16: 598.42 | BR16: 673.15 | BS16: 636.23 | BT16: 513.82 | BU16: 575.13 | BV16: 670.46 | BW16: 640.51 | BX16: 757.06 | BY16: 576.69 | BZ16: 514.66 | CA16: 630.06 | CB16: 609.77 | CC16: 564.7 | CD16: 566.99 | CE16: 576.53 | CF16: 506.42 | CG16: 537.81 | CH16: 581.6 | CI16: 519.4 | CJ16: 470.73 | CK16: 304.79 | CL16: 231.97 | CM16: 243.81 | CN16: 246.89 | CO16: 176.33 | CP16: 351.75 | CQ16: 407.06 | CR16: 578.31 | CS16: 638.97 | CT16: 687.52 | CU16: 555.88 | CV16: 445.17 | CW16: 324.41 | CX16: 266.43 | CY16: 314.13 | CZ16: 378.6 | DA16: 438.73 | DB16: 445.69 | DC16: 492.95 | DD16: 491.96 | DE16: 420.7 | DF16: 538.67 | DG16: 453.48 | DH16: 456.17 | DI16: 381.71 | DJ16: 348.04 | DK16: 259.27 | DL16: 266.97 | DM16: 357.56 | DN16: 397.52 | DO16: 406.53 | DP16: 357.45 | DQ16: 381.74 | DR16: 522.89 | DS16: 529.94 | DT16: 583.14 | DU16: 534.69 | DV16: 544.36 | DW16: 572.37 | DX16: 625.61 | DY16: 629.1 | DZ16: 645.31 | EA16: 644.24 | EB16: 594.18 | EC16: 468.59 | ED16: 681.54 | EE16: 660.44 | EF16: 709.46 | EG16: 631.43 | EH16: 636.46 | EI16: 639.35 | EJ16: 636.55 | EK16: 679.56 | EL16: 517.93 | EM16: 551.68 | EN16: 663.71 | EO16: 649.4 | EP16: 691.11 | EQ16: 664.01 | ER16: 825.18 | ES16: 719.48 | ET16: 673.2 | EU16: 763.3 | EV16: 751.84 | EW16: 512.85 | EX16: 680 | EY16: 824.14 | EZ16: 779.61 | FA16: 700.7 | FB16: 908.58 | FC16: 716.27 | FD16: 546.15 | FE16: 405.39 | FF16: 408.19 | FG16: 436.69 | FH16: 395.23 | FI16: 295.81 | FJ16: 182.97 | FK16: 282.08 | FL16: 296.17 | FM16: 610.02 | FN16: 713.51 | FO16: 756 | FP16: 834.88 | FR16: Addition
A17: Average Monthly Retail Prices for Dry Maize (per Kg) | DF17: 31.54 | DG17: 30.59 | DH17: 31.89 | DI17: 38.69 | DJ17: 42.71 | DK17: 43.91 | DL17: 46.45 | DM17: 42.14 | DN17: 41.49 | DO17: 43.94 | DP17: 45.93 | DQ17: 44.75 | DR17: 44.8 | DS17: 44.6 | DT17: 43.6 | DU17: 43.5 | DV17: 44.6 | DW17: 44.3 | DX17: 44.5 | DY17: 42.1 | DZ17: 41.4 | EA17: 39.4 | EB17: 40.5 | EC17: 40.4 | ED17: 37.3 | EE17: 37.4 | EF17: 37.8 | EG17: 37.9 | EH17: 37.9 | EI17: 40 | EJ17: 39.4 | EK17: 39 | EL17: 39.3 | EM17: 40.7 | EN17: 44.4 | EO17: 49.1 | EP17: 46.4 | EQ17: 45.6 | ER17: 47 | ES17: 51.4 | ET17: 58.2 | EU17: 70.3 | EV17: 77.3 | EW17: 77.6 | EX17: 76.1 | EY17: 77.9 | EZ17: 79.9 | FA17: 80.5 | FB17: 75.2 | FC17: 74.7 | FD17: 79.3 | FE17: 81.6 | FF17: 84.1 | FG17: 86.7 | FH17: 85.1 | FI17: 76.1 | FJ17: 71.9 | FK17: 70.7 | FL17: 69.2 | FM17: 70.2 | FN17: 65.9 | FO17: 61.6 | FP17: 57 | FR17: Average
A18: Average Monthly Retail Prices for Dry Beans (per Kg) | DF18: 77.99 | DG18: 75.04 | DH18: 77.01 | DI18: 83.05 | DJ18: 89.62 | DK18: 92.3 | DL18: 89.26 | DM18: 85.71 | DN18: 81.57 | DO18: 86.12 | DP18: 89.88 | DQ18: 89.54 | DR18: 89.1 | DS18: 91.8 | DT18: 96.2 | DU18: 104.6 | DV18: 104.7 | DW18: 103.3 | DX18: 99.2 | DY18: 95.8 | DZ18: 96.6 | EA18: 99.4 | EB18: 99.9 | EC18: 100.6 | ED18: 100.5 | EE18: 101.1 | EF18: 102.5 | EG18: 102 | EH18: 102.5 | EI18: 101.3 | EJ18: 100.5 | EK18: 99.6 | EL18: 104.3 | EM18: 102.6 | EN18: 103.4 | EO18: 102.4 | EP18: 104.1 | EQ18: 98.4 | ER18: 101.5 | ES18: 106.3 | ET18: 109.8 | EU18: 116.5 | EV18: 124 | EW18: 127.4 | EX18: 129.7 | EY18: 141.8 | EZ18: 147.3 | FA18: 147.3 | FB18: 146.4 | FC18: 149.7 | FD18: 165.2 | FE18: 177.8 | FF18: 185.5 | FG18: 181.6 | FH18: 174.9 | FI18: 172 | FJ18: 173 | FK18: 172.2 | FL18: 175.1 | FM18: 170.3 | FN18: 162.8 | FO18: 159.6 | FP18: 156.8 | FR18: Average
A19: Manufacturing, Building and Construction
A20: Sugar Production (MT) | B20: 48100 | C20: 42982 | D20: 45388 | E20: 43801 | F20: 34465 | G20: 37828 | H20: 33495 | I20: 41911 | J20: 45595 | K20: 43669 | L20: 50822 | M20: 55414 | N20: 55974 | O20: 52069 | P20: 53842 | Q20: 52061 | R20: 49130 | S20: 38818 | T20: 25884 | U20: 26060 | V20: 22815 | W20: 28990 | X20: 32689 | Y20: 36729 | Z20: 53852 | AA20: 49480 | AB20: 52342 | AC20: 44914 | AD20: 40410 | AE20: 45111 | AF20: 41607 | AG20: 37058 | AH20: 32503 | AI20: 30123 | AJ20: 31886 | AK20: 34651 | AL20: 49046 | AM20: 50036 | AN20: 43647 | AO20: 39151 | AP20: 36529 | AQ20: 49512 | AR20: 61802 | AS20: 58687 | AT20: 50303 | AU20: 52751 | AV20: 54752 | AW20: 53994 | AX20: 64298 | AY20: 60044 | AZ20: 63365 | BA20: 47279 | BB20: 44094 | BC20: 42866 | BD20: 55912 | BE20: 50140 | BF20: 47915 | BG20: 42197 | BH20: 34455 | BI20: 64298 | BJ20: 63127 | BK20: 57917 | BL20: 63389 | BM20: 50097 | BN20: 44081 | BO20: 46098 | BP20: 47957 | BQ20: 54089 | BR20: 61069 | BS20: 56360 | BT20: 43401 | BU20: 48089 | BV20: 64499 | BW20: 59863 | BX20: 65709 | BY20: 48802 | BZ20: 45155 | CA20: 53797 | CB20: 56948 | CC20: 52231 | CD20: 46512 | CE20: 49029 | CF20: 51118 | CG20: 46076 | CH20: 53071 | CI20: 49094 | CJ20: 42238 | CK20: 26230 | CL20: 15246 | CM20: 16113 | CN20: 17882 | CO20: 10892 | CP20: 21649 | CQ20: 31621 | CR20: 43175 | CS20: 48900 | CT20: 62819 | CU20: 53835 | CV20: 49148 | CW20: 36682 | CX20: 28933 | CY20: 28320 | CZ20: 30260 | DA20: 35676 | DB20: 40725 | DC20: 45324 | DD20: 41107 | DE20: 38268 | DF20: 53060 | DG20: 46139 | DH20: 45463 | DI20: 35312 | DJ20: 36307 | DK20: 28545 | DL20: 25097 | DM20: 32835 | DN20: 33356 | DO20: 35259 | DP20: 30900 | DQ20: 38662 | DR20: 53155 | DS20: 51083 | DT20: 52699 | DU20: 45468 | DV20: 46350 | DW20: 49680 | DX20: 53155 | DY20: 53434 | DZ20: 54873 | EA20: 54830 | EB20: 50227 | EC20: 38834 | ED20: 58044 | EE20: 61508 | EF20: 66194 | EG20: 58404 | EH20: 57796 | EI20: 58968 | EJ20: 57513 | EK20: 64134 | EL20: 45347 | EM20: 49899 | EN20: 60022 | EO20: 62333 | EP20: 64839 | EQ20: 64191 | ER20: 79448 | ES20: 68508 | ET20: 63209 | EU20: 70376 | EV20: 70278 | EW20: 46460 | EX20: 60388 | EY20: 76533 | EZ20: 67990 | FA20: 63279 | FB20: 81648 | FC20: 67486 | FD20: 49761 | FE20: 31971 | FF20: 31495 | FG20: 34072 | FH20: 33246 | FI20: 27680 | FJ20: 16760 | FK20: 24597 | FL20: 25179 | FM20: 48877 | FN20: 60680 | FO20: 63075 | FP20: 69520 | FR20: Addition
A21: Milk Intake (Million Litres) | B21: 49.27 | C21: 43.9 | D21: 48.61 | E21: 44.64 | F21: 42.99 | G21: 37.58 | H21: 39.91 | I21: 38.63 | J21: 37.22 | K21: 41.68 | L21: 43.37 | M21: 43 | N21: 47.1 | O21: 40.8 | P21: 38.8 | Q21: 41.8 | R21: 45.6 | S21: 45.7 | T21: 49.5 | U21: 46.4 | V21: 49.1 | W21: 50.3 | X21: 46.4 | Y21: 47.7 | Z21: 45.5 | AA21: 32.9 | AB21: 28.9 | AC21: 26 | AD21: 37.3 | AE21: 46.2 | AF21: 43.5 | AG21: 45.5 | AH21: 45.2 | AI21: 47.8 | AJ21: 48.6 | AK21: 47.9 | AL21: 49.32 | AM21: 42.48 | AN21: 40.28 | AO21: 44.43 | AP21: 50.62 | AQ21: 44.46 | AR21: 43.52 | AS21: 37.9 | AT21: 38.79 | AU21: 38.87 | AV21: 45.33 | AW21: 47.03 | AX21: 54.04 | AY21: 46.6 | AZ21: 49.26 | BA21: 45.01 | BB21: 43.56 | BC21: 44.47 | BD21: 40.52 | BE21: 41.76 | BF21: 41.66 | BG21: 43.52 | BH21: 44.32 | BI21: 45.32 | BJ21: 57.17 | BK21: 37.8 | BL21: 35.77 | BM21: 35.59 | BN21: 52.97 | BO21: 51.02 | BP21: 51.59 | BQ21: 50.94 | BR21: 51.66 | BS21: 55.42 | BT21: 68.28 | BU21: 58.87 | BV21: 56.8 | BW21: 52.83 | BX21: 48.41 | BY21: 54.35 | BZ21: 49.49 | CA21: 66.37 | CB21: 58.47 | CC21: 56.15 | CD21: 43.67 | CE21: 56.93 | CF21: 54.09 | CG21: 50.66 | CH21: 45.13 | CI21: 46.24 | CJ21: 38.64 | CK21: 47.09 | CL21: 47.24 | CM21: 48.87 | CN21: 42.55 | CO21: 54.95 | CP21: 55.81 | CQ21: 58.14 | CR21: 55.21 | CS21: 51.51 | CT21: 51.55 | CU21: 47.3 | CV21: 49.85 | CW21: 52.01 | CX21: 49.63 | CY21: 50.33 | CZ21: 53.18 | DA21: 52.56 | DB21: 56.37 | DC21: 55.25 | DD21: 57.02 | DE21: 68.15 | DF21: 68.07 | DG21: 54.66 | DH21: 54.33 | DI21: 41.46 | DJ21: 48.29 | DK21: 52.33 | DL21: 63.54 | DM21: 60.46 | DN21: 63.21 | DO21: 59.32 | DP21: 51.3 | DQ21: 68.91 | DR21: 63.39 | DS21: 53.88 | DT21: 56.09 | DU21: 48.61 | DV21: 49.36 | DW21: 53.24 | DX21: 54.31 | DY21: 59.31 | DZ21: 58.04 | EA21: 59.71 | EB21: 60.58 | EC21: 67.86 | ED21: 63.8 | EE21: 64.62 | EF21: 62.79 | EG21: 53.32 | EH21: 77.33 | EI21: 74.07 | EJ21: 69.49 | EK21: 67.75 | EL21: 72.04 | EM21: 66.59 | EN21: 65.22 | EO21: 64.89 | EP21: 69.36 | EQ21: 66.42 | ER21: 61.76 | ES21: 61.78 | ET21: 64.29 | EU21: 65.69 | EV21: 61.23 | EW21: 59.12 | EX21: 66.62 | EY21: 60.51 | EZ21: 58.31 | FA21: 59.27 | FB21: 62.09 | FC21: 52.21 | FD21: 52.19 | FE21: 59.49 | FF21: 73.78 | FG21: 71.69 | FH21: 71.23 | FI21: 71.48 | FJ21: 67.71 | FK21: 74.67 | FL21: 74.33 | FM21: 75.69 | FN21: 74.58 | FO21: 71.76 | FP21: 70.31 | FR21: Addition
A22: Cement Production (MT) | B22: 290805 | C22: 266889 | D22: 300610 | E22: 284987 | F22: 294158 | G22: 312176 | H22: 334444 | I22: 323478 | J22: 319464 | K22: 351963 | L22: 323447 | M22: 307385 | N22: 364432 | O22: 335247 | P22: 355858 | Q22: 363035 | R22: 376246 | S22: 365494 | T22: 393149 | U22: 405546 | V22: 407838 | W22: 361941 | X22: 364789 | Y22: 384853 | Z22: 350615 | AA22: 378453 | AB22: 397009 | AC22: 360540 | AD22: 381026 | AE22: 396951 | AF22: 398458 | AG22: 399873 | AH22: 382141 | AI22: 421579 | AJ22: 415866 | AK22: 357212 | AL22: 393921 | AM22: 380032 | AN22: 367673 | AO22: 365579 | AP22: 414161 | AQ22: 422519 | AR22: 454288 | AS22: 432938 | AT22: 453542 | AU22: 487594 | AV22: 464834 | AW22: 422048 | AX22: 454960 | AY22: 442636 | AZ22: 478416 | BA22: 468022 | BB22: 464695 | BC22: 464929 | BD22: 503428 | BE22: 492801 | BF22: 499479 | BG22: 553186 | BH22: 545041 | BI22: 492944 | BJ22: 511298 | BK22: 465471 | BL22: 550556 | BM22: 537452 | BN22: 516513 | BO22: 516185 | BP22: 570904 | BQ22: 553929 | BR22: 561235 | BS22: 557589 | BT22: 510747 | BU22: 486306 | BV22: 533490 | BW22: 531813 | BX22: 541438 | BY22: 568253 | BZ22: 585929 | CA22: 547238 | CB22: 575193 | CC22: 591612 | CD22: 528494 | CE22: 573034 | CF22: 584780 | CG22: 545956 | CH22: 565440 | CI22: 491307 | CJ22: 570522 | CK22: 535061 | CL22: 482762 | CM22: 513313 | CN22: 553631 | CO22: 451651 | CP22: 531067 | CQ22: 510140 | CR22: 489376 | CS22: 536021 | CT22: 523625 | CU22: 508648 | CV22: 510674 | CW22: 496527 | CX22: 464422 | CY22: 477053 | CZ22: 518656 | DA22: 538071 | DB22: 503641 | DC22: 504959 | DD22: 496346 | DE22: 487312 | DF22: 485178 | DG22: 470146 | DH22: 507037 | DI22: 501921 | DJ22: 486301 | DK22: 477432 | DL22: 527115 | DM22: 512470 | DN22: 519370 | DO22: 504615 | DP22: 479085 | DQ22: 496517 | DR22: 530404 | DS22: 548818 | DT22: 559424 | DU22: 509197 | DV22: 511961 | DW22: 594421 | DX22: 666341 | DY22: 712701 | DZ22: 707033 | EA22: 731253 | EB22: 668507 | EC22: 666855 | ED22: 669530 | EE22: 612980 | EF22: 721444 | EG22: 695953 | EH22: 717669 | EI22: 698424 | EJ22: 876998 | EK22: 896825 | EL22: 866344 | EM22: 892975 | EN22: 807553 | EO22: 791050 | EP22: 855883 | EQ22: 818496 | ER22: 911250 | ES22: 842239 | ET22: 752698 | EU22: 773153 | EV22: 804401 | EW22: 745559 | EX22: 829930 | EY22: 824474 | EZ22: 821765 | FA22: 774124 | FB22: 785773 | FC22: 724164 | FD22: 820772 | FE22: 745106 | FF22: 786702 | FG22: 794700 | FH22: 844237 | FI22: 872135 | FJ22: 834651 | FK22: 836384 | FL22: 813372 | FM22: 758055 | FR22: Addition
A23: Cement Consumption | B23: 264849 | C23: 178789 | D23: 223450 | E23: 258016 | F23: 250837 | G23: 274073 | H23: 273581 | I23: 284184 | J23: 253692 | K23: 309066 | L23: 281564 | M23: 252726 | N23: 364711 | O23: 291531 | P23: 289361 | Q23: 319710 | R23: 330084 | S23: 295465 | T23: 326414 | U23: 342284 | V23: 302720 | W23: 341277 | X23: 327859 | Y23: 339516 | Z23: 272261 | AA23: 330328 | AB23: 328259 | AC23: 308617 | AD23: 309501 | AE23: 329366 | AF23: 337295 | AG23: 339916 | AH23: 322912 | AI23: 365769 | AJ23: 382400 | AK23: 310639 | AL23: 342296 | AM23: 336756 | AN23: 279129 | AO23: 306196 | AP23: 337866 | AQ23: 361839 | AR23: 373767 | AS23: 373466 | AT23: 381272 | AU23: 407151 | AV23: 392733 | AW23: 374015 | AX23: 387809 | AY23: 354576 | AZ23: 420345 | BA23: 433787 | BB23: 458219 | BC23: 421855 | BD23: 422394 | BE23: 440336 | BF23: 441527 | BG23: 483033 | BH23: 487396 | BI23: 445404 | BJ23: 459227 | BK23: 417591 | BL23: 483218 | BM23: 480801 | BN23: 472675 | BO23: 465828 | BP23: 451461 | BQ23: 478011 | BR23: 518435 | BS23: 530913 | BT23: 480641 | BU23: 455345 | BV23: 472218 | BW23: 506914 | BX23: 493410 | BY23: 538118 | BZ23: 551501 | CA23: 505067 | CB23: 556244 | CC23: 559766 | CD23: 504639 | CE23: 552243 | CF23: 547359 | CG23: 514498 | CH23: 535018 | CI23: 460044 | CJ23: 537948 | CK23: 497821 | CL23: 441110 | CM23: 496172 | CN23: 527774 | CO23: 427594 | CP23: 506694 | CQ23: 488813 | CR23: 454727 | CS23: 484172 | CT23: 499260 | CU23: 495128 | CV23: 497791 | CW23: 475365 | CX23: 449160 | CY23: 470112 | CZ23: 511240 | DA23: 531119 | DB23: 499568 | DC23: 502719 | DD23: 494038 | DE23: 481880 | DF23: 483747 | DG23: 469809 | DH23: 505465 | DI23: 500357 | DJ23: 486637 | DK23: 466923 | DL23: 527771 | DM23: 510066 | DN23: 515953 | DO23: 499355 | DP23: 474075 | DQ23: 493176 | DR23: 528904 | DS23: 547543 | DT23: 551914 | DU23: 506800 | DV23: 509698 | DW23: 591799 | DX23: 659798 | DY23: 691588 | DZ23: 677381 | EA23: 723124 | EB23: 662609 | EC23: 661504 | ED23: 663795 | EE23: 606204 | EF23: 715968 | EG23: 684497 | EH23: 707536 | EI23: 685697 | EJ23: 861938 | EK23: 879063 | EL23: 856980 | EM23: 870442 | EN23: 788229 | EO23: 778088 | EP23: 845087 | EQ23: 798007 | ER23: 877874 | ES23: 819889 | ET23: 717566 | EU23: 745289 | EV23: 778142 | EW23: 717267 | EX23: 799592 | EY23: 800673 | EZ23: 797912 | FA23: 752852 | FB23: 746930 | FC23: 696436 | FD23: 790844 | FE23: 718119 | FF23: 745702 | FG23: 763758 | FH23: 803562 | FI23: 833772 | FJ23: 802414 | FK23: 789900 | FL23: 786042 | FM23: 724307 | FR23: Addition
A24: Soft drinks Production ('000 Litres) | B24: 29405 | C24: 31178 | D24: 33984 | E24: 29352 | F24: 29445 | G24: 29588 | H24: 29332 | I24: 28525 | J24: 29593 | K24: 30435 | L24: 29333 | M24: 31163 | N24: 34446 | O24: 32457 | P24: 36156 | Q24: 31162 | R24: 26622 | S24: 28910 | T24: 28478 | U24: 28580 | V24: 29674 | W24: 28540 | X24: 27366 | Y24: 38962 | Z24: 34317 | AA24: 32009 | AB24: 37363 | AC24: 29331 | AD24: 24359 | AE24: 27391 | AF24: 22073 | AG24: 24458 | AH24: 31113 | AI24: 32540 | AJ24: 31497 | AK24: 33067 | AL24: 32809 | AM24: 36068 | AN24: 42552 | AO24: 27345 | AP24: 27581 | AQ24: 30919 | AR24: 28464 | AS24: 27697 | AT24: 36026 | AU24: 34810 | AV24: 36272 | AW24: 43438 | AX24: 39007 | AY24: 39146 | AZ24: 40320 | BA24: 37885 | BB24: 40430 | BC24: 28706 | BD24: 33790 | BE24: 33404 | BF24: 35899 | BG24: 41601 | BH24: 40134 | BI24: 49142 | BJ24: 41348 | BK24: 41440 | BL24: 48865 | BM24: 42148 | BN24: 36874 | BO24: 36274 | BP24: 32086 | BQ24: 38432 | BR24: 40176 | BS24: 42936 | BT24: 40025 | BU24: 49966 | BV24: 41348 | BW24: 41440 | BX24: 48865 | BY24: 42148 | BZ24: 36874 | CA24: 36202 | CB24: 32158 | CC24: 38508 | CD24: 40291 | CE24: 43203 | CF24: 40141 | CG24: 49966 | CH24: 50409 | CI24: 43353 | CJ24: 50623 | CK24: 46399 | CL24: 40742 | CM24: 45875 | CN24: 41980 | CO24: 41217 | CP24: 40221 | CQ24: 45275 | CR24: 45073 | CS24: 66378 | CT24: 52062 | CU24: 49685 | CV24: 52580 | CW24: 45690 | CX24: 41482 | CY24: 44827 | CZ24: 43725 | DA24: 48795 | DB24: 45956 | DC24: 46546 | DD24: 50201 | DE24: 54021 | DF24: 53585 | DG24: 55218 | DH24: 61413 | DI24: 58230 | DJ24: 53086 | DK24: 46074 | DL24: 47149 | DM24: 49248 | DN24: 53234 | DO24: 47586 | DP24: 50715 | DQ24: 55398 | DR24: 52654 | DS24: 42072 | DT24: 52109 | DU24: 35951 | DV24: 34129 | DW24: 47273 | DX24: 39833 | DY24: 39290 | DZ24: 52436 | EA24: 47215 | EB24: 42916 | EC24: 64707 | ED24: 50153 | EE24: 42749 | EF24: 53157 | EG24: 43742 | EH24: 38327 | EI24: 46518 | EJ24: 33864 | EK24: 42744 | EL24: 53923 | EM24: 52394 | EN24: 55226 | EO24: 57993 | EP24: 46537 | EQ24: 44407 | ER24: 61898 | ES24: 45868 | ET24: 44289 | EU24: 45640 | EV24: 35855 | EW24: 38842 | EX24: 50841 | EY24: 50393 | EZ24: 52363 | FA24: 62536 | FB24: 52601 | FC24: 47725 | FD24: 56068 | FE24: 40314 | FF24: 36206 | FG24: 41653 | FH24: 32393 | FI24: 36511 | FJ24: 56434 | FK24: 48602 | FL24: 53069 | FM24: 78974 | FR24: Addition
A25: Production of Assembled Vehicles | B25: 299 | C25: 521 | D25: 510 | E25: 438 | F25: 521 | G25: 550 | H25: 509 | I25: 460 | J25: 461 | K25: 460 | L25: 490 | M25: 502 | N25: 290 | O25: 413 | P25: 462 | Q25: 449 | R25: 554 | S25: 550 | T25: 524 | U25: 553 | V25: 651 | W25: 660 | X25: 594 | Y25: 349 | Z25: 387 | AA25: 588 | AB25: 303 | AC25: 594 | AD25: 654 | AE25: 588 | AF25: 570 | AG25: 588 | AH25: 597 | AI25: 585 | AJ25: 420 | AK25: 344 | AL25: 435 | AM25: 536 | AN25: 496 | AO25: 584 | AP25: 560 | AQ25: 609 | AR25: 617 | AS25: 578 | AT25: 590 | AU25: 652 | AV25: 733 | AW25: 558 | AX25: 511 | AY25: 792 | AZ25: 737 | BA25: 798 | BB25: 832 | BC25: 856 | BD25: 809 | BE25: 828 | BF25: 886 | BG25: 887 | BH25: 724 | BI25: 586 | BJ25: 601 | BK25: 949 | BL25: 922 | BM25: 813 | BN25: 827 | BO25: 745 | BP25: 757 | BQ25: 931 | BR25: 1029 | BS25: 1139 | BT25: 972 | BU25: 496 | BV25: 363 | BW25: 587 | BX25: 650 | BY25: 658 | BZ25: 642 | CA25: 482 | CB25: 491 | CC25: 605 | CD25: 623 | CE25: 357 | CF25: 461 | CG25: 376 | CH25: 276 | CI25: 578 | CJ25: 645 | CK25: 436 | CL25: 434 | CM25: 323 | CN25: 483 | CO25: 302 | CP25: 351 | CQ25: 370 | CR25: 364 | CS25: 322 | CT25: 395 | CU25: 529 | CV25: 548 | CW25: 409 | CX25: 407 | CY25: 366 | CZ25: 587 | DA25: 434 | DB25: 606 | DC25: 569 | DD25: 476 | DE25: 327 | DF25: 431 | DG25: 614 | DH25: 633 | DI25: 739 | DJ25: 732 | DK25: 556 | DL25: 648 | DM25: 709 | DN25: 595 | DO25: 728 | DP25: 872 | DQ25: 545 | DR25: 614 | DS25: 861 | DT25: 830 | DU25: 669 | DV25: 659 | DW25: 415 | DX25: 735 | DY25: 595 | DZ25: 591 | EA25: 676 | EB25: 533 | EC25: 547 | ED25: 560 | EE25: 565 | EF25: 705 | EG25: 737 | EH25: 609 | EI25: 576 | EJ25: 798 | EK25: 962 | EL25: 1173 | EM25: 1138 | EN25: 968 | EO25: 1198 | EP25: 925 | EQ25: 1263 | ER25: 1245 | ES25: 1348 | ET25: 1483 | EU25: 1186 | EV25: 1246 | EW25: 1036 | EX25: 1320 | EY25: 1004 | EZ25: 798 | FA25: 619 | FB25: 1135 | FC25: 980 | FD25: 1214 | FE25: 972 | FF25: 1258 | FG25: 1123 | FH25: 832 | FI25: 1181 | FJ25: 1262 | FK25: 774 | FL25: 874 | FM25: 811 | FR25: Addition
A26: Galvanized sheets Production (MT) | B26: 14254 | C26: 13700 | D26: 20095 | E26: 18929 | F26: 18842 | G26: 16006 | H26: 16790 | I26: 16457 | J26: 16299 | K26: 18488 | L26: 16219 | M26: 15331 | N26: 22094 | O26: 22386 | P26: 22928 | Q26: 20957 | R26: 24744 | S26: 24677 | T26: 24906 | U26: 24659 | V26: 17988 | W26: 16619 | X26: 22104 | Y26: 24033 | Z26: 22940 | AA26: 19655 | AB26: 21507 | AC26: 20892 | AD26: 22197 | AE26: 17180 | AF26: 21411 | AG26: 23040 | AH26: 23268 | AI26: 20473 | AJ26: 21969 | AK26: 21283 | AL26: 25528 | AM26: 22874 | AN26: 26296 | AO26: 26010 | AP26: 23866 | AQ26: 26147 | AR26: 25007 | AS26: 27398 | AT26: 25051 | AU26: 27588 | AV26: 26628 | AW26: 23706 | AX26: 22090 | AY26: 18573 | AZ26: 21267 | BA26: 25989 | BB26: 27433 | BC26: 24465 | BD26: 21779 | BE26: 25753 | BF26: 26126 | BG26: 26732 | BH26: 25763 | BI26: 18539 | BJ26: 21304 | BK26: 20078 | BL26: 22797 | BM26: 20674 | BN26: 23132 | BO26: 20358 | BP26: 18415 | BQ26: 20871 | BR26: 20581 | BS26: 26024 | BT26: 25764 | BU26: 16938 | BV26: 21330 | BW26: 20102 | BX26: 20120 | BY26: 23109 | BZ26: 21980 | CA26: 20180 | CB26: 18320 | CC26: 24190 | CD26: 21045 | CE26: 18328 | CF26: 19143 | CG26: 19431 | CH26: 26230 | CI26: 22994 | CJ26: 22574 | CK26: 23225 | CL26: 23081 | CM26: 15424 | CN26: 22640 | CO26: 15296 | CP26: 24188 | CQ26: 21312 | CR26: 24357 | CS26: 21438 | CT26: 23919 | CU26: 21890 | CV26: 22048 | CW26: 21434 | CX26: 22271 | CY26: 21434 | CZ26: 22510 | DA26: 21847 | DB26: 22425 | DC26: 23906 | DD26: 22877 | DE26: 21266 | DF26: 20124 | DG26: 22749 | DH26: 26313 | DI26: 23214 | DJ26: 22501 | DK26: 24667 | DL26: 23260 | DM26: 21918 | DN26: 22641 | DO26: 22619 | DP26: 21871 | DQ26: 22547 | DR26: 23397 | DS26: 21989 | DT26: 18527 | DU26: 6259 | DV26: 18042 | DW26: 23730 | DX26: 24493 | DY26: 23226 | DZ26: 20801 | EA26: 22868 | EB26: 23268 | EC26: 20854 | ED26: 18631 | EE26: 20762 | EF26: 21781 | EG26: 21572 | EH26: 21165 | EI26: 22365 | EJ26: 20432 | EK26: 19744 | EL26: 17581 | EM26: 20111 | EN26: 25926 | EO26: 20348 | EP26: 21546 | EQ26: 21671 | ER26: 19616 | ES26: 19479 | ET26: 23383 | EU26: 22073 | EV26: 20895 | EW26: 17064 | EX26: 21833 | EY26: 19951 | EZ26: 20589 | FA26: 17686 | FB26: 17350 | FC26: 22457 | FD26: 22373 | FE26: 21404 | FF26: 23555 | FG26: 21100 | FH26: 24337 | FI26: 23943 | FJ26: 23443 | FK26: 24178 | FL26: 23847 | FM26: 24555 | FR26: Addition
A27: Energy
A28: Hydropower Generation (KWh Million) | X28: 263.04 | Y28: 331.37 | Z28: 329.53 | AA28: 331.64 | AB28: 292.5 | AC28: 272.88 | AD28: 323.37 | AE28: 341.75 | AF28: 358.34 | AG28: 347.5 | AH28: 333.73 | AI28: 359.87 | AJ28: 372.05 | AK28: 368.75 | AL28: 377.24 | AM28: 332.99 | AN28: 347.6 | AO28: 345.05 | AP28: 376.96 | AQ28: 378.41 | AR28: 385.86 | AS28: 376.91 | AT28: 263.41 | AU28: 384.52 | AV28: 357.67 | AW28: 346.51 | AX28: 339.2 | AY28: 269.93 | AZ28: 286.74 | BA28: 307.53 | BB28: 250.18 | BC28: 263.41 | BD28: 253.87 | BE28: 293.87 | BF28: 277.62 | BG28: 279.02 | BH28: 307.25 | BI28: 282.25 | BJ28: 278.24 | BK28: 229.5 | BL28: 246.01 | BM28: 264.24 | BN28: 301.03 | BO28: 297.28 | BP28: 305.24 | BQ28: 318.62 | BR28: 306.34 | BS28: 310 | BT28: 300.19 | BU28: 306.66 | BV28: 322.49 | BW28: 296.75 | BX28: 334.51 | BY28: 303.46 | BZ28: 334.37 | CA28: 348.09 | CB28: 336.92 | CC28: 363.61 | CD28: 348.63 | CE28: 356.88 | CF28: 314.93 | CG28: 299.08 | CH28: 252.44 | CI28: 213.9 | CJ28: 234.26 | CK28: 211.55 | CL28: 228.56 | CM28: 180.22 | CN28: 192.56 | CO28: 251.3 | CP28: 239.47 | CQ28: 216.98 | CR28: 305.16 | CS28: 250.42 | CT28: 222.95 | CU28: 193.43 | CV28: 248.39 | CW28: 316.85 | CX28: 385.88 | CY28: 400.86 | CZ28: 420.32 | DA28: 417.37 | DB28: 392.07 | DC28: 365.42 | DD28: 340.07 | DE28: 282.78 | DF28: 278.92 | DG28: 253.91 | DH28: 282.83 | DI28: 191.99 | DJ28: 242.63 | DK28: 272.42 | DL28: 268.91 | DM28: 251.48 | DN28: 233.8 | DO28: 268.4 | DP28: 299.19 | DQ28: 360.88 | DR28: 357.69 | DS28: 341.94 | DT28: 359.11 | DU28: 297.63 | DV28: 319.47 | DW28: 334.17 | DX28: 357.84 | DY28: 357.69 | DZ28: 355.75 | EA28: 373.09 | EB28: 385.05 | EC28: 400.31 | ED28: 330.31 | EE28: 281.4 | EF28: 305.11 | EG28: 307.93 | EH28: 369.02 | EI28: 317.99 | EJ28: 285.79 | EK28: 274.03 | EL28: 261.68 | EM28: 309.26 | EN28: 293.33 | EO28: 339.13 | EP28: 320.3 | EQ28: 244.23 | ER28: 243.2 | ES28: 228.86 | ET28: 284.04 | EU28: 264.86 | EV28: 252.39 | EW28: 256.76 | EX28: 243.89 | EY28: 247.42 | EZ28: 233.02 | FA28: 220.92 | FB28: 185.2 | FC28: 112.91 | FD28: 125.98 | FE28: 190.85 | FF28: 237.88 | FG28: 257.94 | FH28: 279.48 | FI28: 258.71 | FJ28: 247.2 | FK28: 205.28 | FL28: 287.58 | FM28: 273.64 | FN28: 254.51 | FO28: 261.66 | FP28: 291.1 | FR28: Addition
A29: Geothermal Generation (KWh Million) | X29: 115.04 | Y29: 125.38 | Z29: 128.54 | AA29: 125.38 | AB29: 133.99 | AC29: 124.26 | AD29: 131.96 | AE29: 128.84 | AF29: 119.2 | AG29: 121.97 | AH29: 128.27 | AI29: 128.86 | AJ29: 120.86 | AK29: 130.03 | AL29: 129.45 | AM29: 113.11 | AN29: 134.93 | AO29: 151.9 | AP29: 158.56 | AQ29: 162.04 | AR29: 157.34 | AS29: 157.52 | AT29: 152.74 | AU29: 151.05 | AV29: 151 | AW29: 160.87 | AX29: 178.92 | AY29: 145.48 | AZ29: 170.77 | BA29: 169.88 | BB29: 190.75 | BC29: 220.91 | BD29: 257.71 | BE29: 246.67 | BF29: 293.26 | BG29: 339.4 | BH29: 322.17 | BI29: 381.56 | BJ29: 388.4 | BK29: 352.12 | BL29: 376.67 | BM29: 359.47 | BN29: 379.97 | BO29: 362.3 | BP29: 353.06 | BQ29: 377.56 | BR29: 388.99 | BS29: 402.15 | BT29: 392.55 | BU29: 387.45 | BV29: 392 | BW29: 391.65 | BX29: 383.11 | BY29: 394.48 | BZ29: 403.45 | CA29: 341.92 | CB29: 392.99 | CC29: 345 | CD29: 335.37 | CE29: 363.93 | CF29: 369.05 | CG29: 371.24 | CH29: 380.15 | CI29: 354.16 | CJ29: 387.87 | CK29: 381.13 | CL29: 393.84 | CM29: 376.2 | CN29: 401.65 | CO29: 415.03 | CP29: 402.65 | CQ29: 416.05 | CR29: 411.39 | CS29: 436.21 | CT29: 430.49 | CU29: 387.02 | CV29: 448.12 | CW29: 427.73 | CX29: 447.05 | CY29: 430 | CZ29: 438.12 | DA29: 426.57 | DB29: 439.8 | DC29: 432.03 | DD29: 397.58 | DE29: 423.32 | DF29: 417.35 | DG29: 374.43 | DH29: 445.1 | DI29: 397.66 | DJ29: 427.38 | DK29: 413.44 | DL29: 440.3 | DM29: 425.46 | DN29: 453.93 | DO29: 493.56 | DP29: 481.9 | DQ29: 464.14 | DR29: 476.6 | DS29: 430.73 | DT29: 460.27 | DU29: 411.76 | DV29: 391.79 | DW29: 421.44 | DX29: 433.46 | DY29: 423.59 | DZ29: 380.7 | EA29: 440.13 | EB29: 396.82 | EC29: 392.5 | ED29: 464.78 | EE29: 422.15 | EF29: 460.68 | EG29: 424.54 | EH29: 385.38 | EI29: 408.96 | EJ29: 463.16 | EK29: 452.79 | EL29: 439.81 | EM29: 387.8 | EN29: 378.49 | EO29: 348.5 | EP29: 310.79 | EQ29: 304.77 | ER29: 410.35 | ES29: 441.39 | ET29: 521.44 | EU29: 493.85 | EV29: 520.69 | EW29: 513.48 | EX29: 487.63 | EY29: 478.09 | EZ29: 494.27 | FA29: 540.8 | FB29: 524.82 | FC29: 472.15 | FD29: 509.36 | FE29: 476.33 | FF29: 510.83 | FG29: 504.57 | FH29: 494.81 | FI29: 522.92 | FJ29: 511.88 | FK29: 509.54 | FL29: 495.19 | FM29: 497.69 | FN29: 506.91 | FO29: 446.76 | FP29: 442.68 | FR29: Addition
A30: Thermal Generation (KWh Million) | X30: 208.43 | Y30: 155.77 | Z30: 168.89 | AA30: 159.01 | AB30: 193.65 | AC30: 175.14 | AD30: 159.32 | AE30: 147.3 | AF30: 168.06 | AG30: 175.59 | AH30: 165.68 | AI30: 165.67 | AJ30: 159.4 | AK30: 152.34 | AL30: 168.67 | AM30: 160.26 | AN30: 162.56 | AO30: 139.85 | AP30: 132.96 | AQ30: 130.79 | AR30: 157.34 | AS30: 181.74 | AT30: 177.94 | AU30: 214.97 | AV30: 224.4 | AW30: 197.82 | AX30: 228.8 | AY30: 258.38 | AZ30: 280.34 | BA30: 239.78 | BB30: 295.89 | BC30: 245.8 | BD30: 251.5 | BE30: 224.2 | BF30: 163.91 | BG30: 156.66 | BH30: 121.53 | BI30: 93.78 | BJ30: 109.19 | BK30: 121.11 | BL30: 134.19 | BM30: 120.77 | BN30: 103.09 | BO30: 109.11 | BP30: 142.9 | BQ30: 111.57 | BR30: 99 | BS30: 99.67 | BT30: 88.88 | BU30: 92.11 | BV30: 93.03 | BW30: 95.42 | BX30: 112.23 | BY30: 101.92 | BZ30: 92.2 | CA30: 113.36 | CB30: 109.74 | CC30: 137.77 | CD30: 136.75 | CE30: 135.24 | CF30: 158.05 | CG30: 157.85 | CH30: 197.05 | CI30: 182.35 | CJ30: 229.61 | CK30: 222.97 | CL30: 223.54 | CM30: 274.2 | CN30: 271.3 | CO30: 159.47 | CP30: 213.32 | CQ30: 223.83 | CR30: 153.1 | CS30: 183.66 | CT30: 242.34 | CU30: 249.13 | CV30: 202.18 | CW30: 138.66 | CX30: 82.92 | CY30: 82.37 | CZ30: 86.86 | DA30: 117.23 | DB30: 85.33 | DC30: 87.21 | DD30: 80.15 | DE30: 91.53 | DF30: 114.07 | DG30: 98.56 | DH30: 99 | DI30: 181.14 | DJ30: 110.34 | DK30: 146.23 | DL30: 133.41 | DM30: 131.77 | DN30: 104.77 | DO30: 69.51 | DP30: 62.44 | DQ30: 62.18 | DR30: 54.51 | DS30: 53.83 | DT30: 55.65 | DU30: 35.75 | DV30: 56.3 | DW30: 61.87 | DX30: 60.63 | DY30: 70.5 | DZ30: 89.46 | EA30: 79.51 | EB30: 59.65 | EC30: 77.37 | ED30: 74.69 | EE30: 105.51 | EF30: 63.08 | EG30: 59.6 | EH30: 116.17 | EI30: 84.17 | EJ30: 122.59 | EK30: 109.35 | EL30: 107.24 | EM30: 117.64 | EN30: 134.91 | EO30: 167.26 | EP30: 206.26 | EQ30: 223.97 | ER30: 170.16 | ES30: 125.82 | ET30: 79.71 | EU30: 83.1 | EV30: 104.36 | EW30: 120.54 | EX30: 118.11 | EY30: 96.53 | EZ30: 123.62 | FA30: 132.92 | FB30: 107.32 | FC30: 142.35 | FD30: 166.86 | FE30: 119.53 | FF30: 95.38 | FG30: 68.13 | FH30: 108.29 | FI30: 89.58 | FJ30: 130.18 | FK30: 140.57 | FL30: 67.93 | FM30: 69.55 | FN30: 90.65 | FO30: 74.57 | FP30: 79.31 | FR30: Addition
A31: Wind Generation (KWh Million) | BV31: 5.01 | BW31: 6.73 | BX31: 6.71 | BY31: 4.22 | BZ31: 2.42 | CA31: 2.06 | CB31: 1.84 | CC31: 3.71 | CD31: 3.75 | CE31: 5.77 | CF31: 6.18 | CG31: 8.02 | CH31: 6.98 | CI31: 7.46 | CJ31: 6.32 | CK31: 6.59 | CL31: 3.48 | CM31: 3.09 | CN31: 1.47 | CO31: 3.34 | CP31: 3.57 | CQ31: 4.28 | CR31: 7.13 | CS31: 7.28 | CT31: 3.26 | CU31: 6.86 | CV31: 4.11 | CW31: 3.24 | CX31: 1.7 | CY31: 1.23 | CZ31: 1.69 | DA31: 2.52 | DB31: 7.46 | DC31: 76.86 | DD31: 133.4 | DE31: 133.26 | DF31: 147.55 | DG31: 146.21 | DH31: 144 | DI31: 142.21 | DJ31: 164.12 | DK31: 92.38 | DL31: 124.89 | DM31: 151.43 | DN31: 152.91 | DO31: 137.42 | DP31: 114.03 | DQ31: 45.57 | DR31: 89.7 | DS31: 100.16 | DT31: 85.88 | DU31: 88.03 | DV31: 105.62 | DW31: 88.45 | DX31: 110.42 | DY31: 118.62 | DZ31: 139.82 | EA31: 121.83 | EB31: 147.84 | EC31: 134.98 | ED31: 137.65 | EE31: 109.84 | EF31: 199.92 | EG31: 164.71 | EH31: 130.21 | EI31: 184.61 | EJ31: 152.69 | EK31: 190.07 | EL31: 187.06 | EM31: 200.91 | EN31: 195.68 | EO31: 131.45 | EP31: 156.28 | EQ31: 123.29 | ER31: 201.76 | ES31: 179.24 | ET31: 152.76 | EU31: 181.07 | EV31: 208.4 | EW31: 185.7 | EX31: 200.56 | EY31: 237.49 | EZ31: 177.13 | FA31: 139.35 | FB31: 203.31 | FC31: 190.65 | FD31: 152.35 | FE31: 157 | FF31: 181.72 | FG31: 168.06 | FH31: 198.46 | FI31: 186.66 | FJ31: 141.3 | FK31: 183.36 | FL31: 159.76 | FM31: 85.5 | FN31: 136.13 | FO31: 156.14 | FP31: 198.72 | FR31: Addition
A32: Solar Generation (KWh Million) | CT32: 0 | CU32: 0 | CV32: 0 | CW32: 0 | CX32: 0.02 | CY32: 0.01 | CZ32: 0 | DA32: 0.01 | DB32: 0.01 | DC32: 0.01 | DD32: 5.77 | DE32: 7.79 | DF32: 7.99 | DG32: 7.02 | DH32: 8.07 | DI32: 8.19 | DJ32: 7.91 | DK32: 7.07 | DL32: 7.09 | DM32: 7.44 | DN32: 7.91 | DO32: 8.05 | DP32: 7.84 | DQ32: 7.58 | DR32: 7.59 | DS32: 6.94 | DT32: 7.8 | DU32: 7.75 | DV32: 7.89 | DW32: 6.96 | DX32: 6.78 | DY32: 6.68 | DZ32: 6.79 | EA32: 8.16 | EB32: 7.59 | EC32: 7.1 | ED32: 7.44 | EE32: 6.97 | EF32: 7.77 | EG32: 7.41 | EH32: 7.59 | EI32: 7.41 | EJ32: 13.06 | EK32: 17.02 | EL32: 18.24 | EM32: 23.43 | EN32: 23.04 | EO32: 27.85 | EP32: 32.41 | EQ32: 30.09 | ER32: 35.14 | ES32: 31.04 | ET32: 33.21 | EU32: 28.2 | EV32: 24.71 | EW32: 22.43 | EX32: 26.32 | EY32: 38.77 | EZ32: 38.81 | FA32: 42.41 | FB32: 46.69 | FC32: 42.85 | FD32: 40.59 | FE32: 39.41 | FF32: 44.28 | FG32: 36.66 | FH32: 37.9 | FI32: 40.85 | FJ32: 39.25 | FK32: 42.87 | FL32: 35.69 | FM32: 44.44 | FN32: 38.28 | FO32: 39.82 | FP32: 40.17 | FR32: Addition
A33: Total Consumption of Electricity (KWh Million) | CT33: =SUM(CT28:CT32) -> 899.04 | CU33: =SUM(CU28:CU32) -> 836.44 | CV33: =SUM(CV28:CV32) -> 902.8 | CW33: =SUM(CW28:CW32) -> 886.48 | CX33: =SUM(CX28:CX32) -> 917.57 | CY33: =SUM(CY28:CY32) -> 914.47 | CZ33: =SUM(CZ28:CZ32) -> 946.99 | DA33: =SUM(DA28:DA32) -> 963.7 | ... FP33: =SUM(FP28:FP32) -> 1051.98 | FR33: Addition
A34: Murban ADNOC Crude Oil Prices (US$/ BBL) | B34: 77.5 | C34: 74.2 | D34: 78.3 | E34: 84.8 | F34: 77.85 | G34: 74.8 | H34: 73 | I34: 74.6 | J34: 75.9 | K34: 81.5 | L34: 85.65 | M34: 91.85 | N34: 95.55 | O34: 103.6 | P34: 112.55 | Q34: 120.7 | R34: 113.6 | S34: 112.15 | T34: 113.95 | U34: 109.05 | V34: 110.9 | W34: 108.95 | X34: 114.35 | Y34: 111.8 | Z34: 114.2 | AA34: 120.45 | AB34: 127 | AC34: 121.2 | AD34: 110.6 | AE34: 97.35 | AF34: 101.75 | AG34: 111.65 | AH34: 115.4 | AI34: 113.2 | AJ34: 112.1 | AK34: 110.75 | AL34: 112.05 | AM34: 115.4 | AN34: 109.95 | AO34: 105.65 | AP34: 103.65 | AQ34: 103 | AR34: 106.85 | AS34: 111.7 | AT34: 114.5 | AU34: 112.45 | AV34: 112.2 | AW34: 113.85 | AX34: 109.75 | AY34: 109.95 | AZ34: 108.3 | BA34: 107.95 | BB34: 109.15 | BC34: 111.65 | BD34: 109.5 | BE34: 104.25 | BF34: 97.95 | BG34: 87.35 | BH34: 77 | BI34: 60.65 | BJ34: 46.4 | BK34: 56.55 | BL34: 56.1 | BM34: 60.55 | BN34: 65.75 | BO34: 63.7 | BP34: 57.7 | BQ34: 48.85 | BR34: 46.6 | BS34: 47.3 | BT34: 43.55 | BU34: 37.25 | BV34: 29.95 | BW34: 33 | BX34: 38.2 | BY34: 42 | BZ34: 47.35 | CA34: 49.05 | CB34: 44.6 | CC34: 48.85 | CD34: 45.5 | CE34: 51.35 | CF34: 46.15 | CG34: 54.15 | CH34: 55.35 | CI34: 56.1 | CJ34: 52.6 | CK34: 53.4 | CL34: 51.45 | CM34: 47.3 | CN34: 48.6 | CO34: 48.85 | CP34: 55.7 | CQ34: 63.83 | CR34: 63.65 | CS34: 62.06 | CT34: 66.28 | CU34: 65.98 | CV34: 66.31 | CW34: 70.97 | CX34: 76.71 | CY34: 73.22 | CZ34: 76 | DA34: 74.91 | DB34: 78.75 | DC34: 81.28 | DD34: 68.05 | DE34: 59.33 | DF34: 60.81 | DG34: 65.64 | DH34: 68.6 | DI34: 73.05 | DJ34: 69.7 | DK34: 62.75 | DL34: 64.86 | DM34: 60.16 | DN34: 62.39 | DO34: 60.88 | DP34: 63.48 | DQ34: 66.66 | DR34: 66.09 | DS34: 55.53 | DT34: 33.92 | DU34: 17.66 | DV34: 25.17 | DW34: 37.05 | DX34: 43.42 | DY34: 45.19 | DZ34: 41.54 | EA34: 40.08 | EB34: 42.61 | EC34: 49.17 | ED34: 54.38 | EE34: 61.05 | EF34: 64.56 | EG34: 63.24 | EH34: 66.91 | EI34: 71.89 | EJ34: 73.53 | EK34: 70.33 | EL34: 73.88 | EM34: 82.11 | EN34: 80.37 | EO34: 74.38 | EP34: 85.41 | EQ34: 93.95 | ER34: 113.48 | ES34: 105.64 | ET34: 113.87 | EU34: 117.72 | EV34: 108.55 | EW34: 101.9 | EX34: 95.32 | EY34: 93.62 | EZ34: 89.73 | FA34: 79.61 | FB34: 81.62 | FC34: 81.88 | FD34: 78.45 | FE34: 84.13 | FF34: 75.82 | FG34: 75.19 | FH34: 81.06 | FI34: 87.33 | FJ34: 94.6 | FK34: 91.78 | FL34: 84.92 | FM34: 79 | FN34: 80.04 | FO34: 81.23 | FP34: 84.22 | FR34: Average
A35: Kerosene (Kshs. /Litre) | Y35: 91.58 | Z35: 87.96 | AA35: 84.6 | AB35: 84.99 | AC35: 87.13 | AD35: 87.83 | AE35: 84.05 | AF35: 75.27 | AG35: 74.84 | AH35: 80.51 | AI35: 86.88 | AJ35: 85.72 | AK35: 87.29 | AL35: 84.71 | AM35: 86.78 | AN35: 89.39 | AO35: 84.68 | AP35: 80.32 | AQ35: 82.38 | AR35: 80.36 | AS35: 84.79 | AT35: 86.47 | AU35: 85.92 | AV35: 83.71 | AW35: 83.99 | AX35: 85.98 | AY35: 83.99 | AZ35: 84.82 | BA35: 84.08 | BB35: 83.73 | BC35: 84.04 | BD35: 85.03 | BE35: 83.97 | BF35: 82.55 | BG35: 81.81 | BH35: 77.24 | BI35: 72.3 | BJ35: 66.53 | BK35: 53.37 | BL35: 56.71 | BM35: 58.17 | BN35: 60.2 | BO35: 62.73 | BP35: 63.69 | BQ35: 58.94 | BR35: 53.52 | BS35: 57 | BT35: 55.77 | BU35: 54.23 | BV35: 47.11 | BW35: 40.6 | BX35: 43.13 | BY35: 44.94 | BZ35: 47.96 | CA35: 59.1 | CB35: 62.42 | CC35: 63.45 | CD35: 60.08 | CE35: 59.68 | CF35: 63.13 | CG35: 64.52 | CH35: 64.41 | CI35: 68.15 | CJ35: 68.93 | CK35: 65.44 | CL35: 66.26 | CM35: 66.04 | CN35: 63.55 | CO35: 64.41 | CP35: 65.34 | CQ35: 67.15 | CR35: 72.2 | CS35: 72.39 | CT35: 75.74 | CU35: 77.71 | CV35: 78.41 | CW35: 77.68 | CX35: 79.18 | CY35: 85.05 | CZ35: 86.69 | DA35: 85.9 | DB35: 109.25 | DC35: 109.68 | DD35: 109.25 | DE35: 106.15 | DF35: 102.56 | DG35: 102.56 | DH35: 97.63 | DI35: 100.31 | DJ35: 102.49 | DK35: 105.48 | DL35: 105.11 | DM35: 100.6 | DN35: 101.44 | DO35: 101.94 | DP35: 104.53 | DQ35: 102.81 | DR35: 104.46 | DS35: 103.65 | DT35: 96.72 | DU35: 78.59 | DV35: 81.08 | DW35: 63.79 | DX35: 66.41 | DY35: 84.6 | DZ35: 84.09 | EA35: 84.67 | EB35: 82.58 | EC35: 84.5 | ED35: 88.07 | EE35: 93.37 | EF35: 98.78 | EG35: 98.78 | EH35: 98.78 | EI35: 98.78 | EJ35: 98.78 | EK35: 98.78 | EL35: 111.74 | EM35: 104.46 | EN35: 105.46 | EO35: 106.46 | EP35: 106.46 | EQ35: 106.46 | ER35: 104.46 | ES35: 114.36 | ET35: 119.86 | EU35: 128.86 | EV35: 128.86 | EW35: 128.86 | EX35: 148.86 | EY35: 147.87 | EZ35: 146.86 | FA35: 146.86 | FB35: 146.86 | FC35: 146.86 | FD35: 146.86 | FE35: 146.86 | FF35: 161.83 | FG35: 162.19 | FH35: 170.25 | FI35: 170.25 | FJ35: 203.34 | FK35: 205.79 | FL35: 203.79 | FM35: 199.78 | FN35: 194.96 | FO35: 193.96 | FP35: 189.48 | FR35: Average
A36: LPG (Kshs. per 13 Kg) | Y36: 3275.84 | Z36: 3149.63 | AA36: 2971.82 | AB36: 2882.5 | AC36: 2824.5 | AD36: 2813.01 | AE36: 2772.94 | AF36: 2696.8 | AG36: 2633.16 | AH36: 2628.06 | AI36: 2636.93 | AJ36: 2617.02 | AK36: 2604.55 | AL36: 2630.73 | AM36: 2643.04 | AN36: 2662.61 | AO36: 2626.37 | AP36: 2592.85 | AQ36: 2573.75 | AR36: 2564.79 | AS36: 2575.93 | AT36: 2836.67 | AU36: 2835.2 | AV36: 2846.06 | AW36: 2876 | AX36: 2995.22 | AY36: 3027.03 | AZ36: 3094.16 | BA36: 3098.25 | BB36: 3075.06 | BC36: 3074.57 | BD36: 3042.8 | BE36: 3109.67 | BF36: 3111.74 | BG36: 3068.58 | BH36: 3033.28 | BI36: 3018.45 | BJ36: 2954.36 | BK36: 2846.53 | BL36: 2629.56 | BM36: 2529.56 | BN36: 2424.69 | BO36: 2387.04 | BP36: 2376.22 | BQ36: 2374.92 | BR36: 2393.85 | BS36: 2401.31 | BT36: 2386.66 | BU36: 2369.46 | BV36: 2343.86 | BW36: 2318.03 | BX36: 2277.48 | BY36: 2268.37 | BZ36: 2252.86 | CA36: 2231.38 | CB36: 2097.51 | CC36: 2078.76 | CD36: 2029.12 | CE36: 1989.54 | CF36: 1987.69 | CG36: 1983.06 | CH36: 1989.5 | CI36: 1976.38 | CJ36: 1998.7 | CK36: 2063.95 | CL36: 2104.29 | CM36: 2112.19 | CN36: 2073.62 | CO36: 2080.1 | CP36: 2094.22 | CQ36: 2140.47 | CR36: 2128.59 | CS36: 2141.46 | CT36: 2140.37 | CU36: 2150.2 | CV36: 2169.19 | CW36: 2172.24 | CX36: 2164.43 | CY36: 2170.92 | CZ36: 2176.31 | DA36: 2177.32 | DB36: 2187.21 | DC36: 2185.79 | DD36: 2141.46 | DE36: 2193.42 | DF36: 2193.13 | DG36: 2189.99 | DH36: 2191.84 | DI36: 2184.85 | DJ36: 2193.17 | DK36: 2192.25 | DL36: 2171.47 | DM36: 2150.27 | DN36: 2141.31 | DO36: 2124.79 | DP36: 2100.88 | DQ36: 2101.16 | DR36: 2144.81 | DS36: 2055.3 | DT36: 2065.98 | DU36: 2077.88 | DV36: 2075.87 | DW36: 2078.5 | DX36: 2075 | DY36: 2060.15 | DZ36: 2033.57 | EA36: 2017.77 | EB36: 2019.88 | EC36: 1977.36 | ED36: 2018.93 | EE36: 2031.21 | EF36: 2074.23 | EG36: 2074.23 | EH36: 2074.23 | EI36: 2074.23 | EJ36: 2394.18 | EK36: 2420.68 | EL36: 2445.23 | EM36: 2513.74 | EN36: 2611.18 | EO36: 2638.83 | EP36: 2659.24 | EQ36: 2659.7 | ER36: 2866.2 | ES36: 2924.59 | ET36: 3176.88 | EU36: 3218.22 | EV36: 3100.67 | EW36: 3103.17 | EX36: 3106.66 | EY36: 3083.99 | EZ36: 3004.75 | FA36: 2980.8 | FB36: 2961.93 | FC36: 3101.94 | FD36: 3137.7 | FE36: 3135.39 | FF36: 3125.4 | FG36: 3069.01 | FH36: 2787.83 | FI36: 2709.07 | FJ36: 2795.69 | FK36: 3000.04 | FL36: 3031.82 | FM36: 3032.62 | FN36: 3055.51 | FO36: 3187.1 | FP36: 3231.84 | FR36: Average
A37: Charcoal (Kshs./Kg) | Y37: 55.92 | Z37: 60.53 | AA37: 59.75 | AB37: 59.6 | AC37: 61.4 | AD37: 62.42 | AE37: 63.21 | AF37: 62.66 | AG37: 62.46 | AH37: 63.34 | AI37: 64.09 | AJ37: 65.91 | AK37: 66.42 | AL37: 66.44 | AM37: 66.91 | AN37: 67.29 | AO37: 69.86 | AP37: 70.55 | AQ37: 70.44 | AR37: 71.15 | AS37: 71.68 | AT37: 70.97 | AU37: 70.54 | AV37: 70.54 | AW37: 72.8 | AX37: 73.47 | AY37: 73.77 | AZ37: 72.86 | BA37: 72.99 | BB37: 73.27 | BC37: 73.34 | BD37: 73.11 | BE37: 73.52 | BF37: 73.39 | BG37: 73.47 | BH37: 73.65 | BI37: 73.59 | BJ37: 73.25 | BK37: 73.06 | BL37: 73.39 | BM37: 74.66 | BN37: 75.54 | BO37: 76.35 | BP37: 77.53 | BQ37: 77.56 | BR37: 77.5 | BS37: 77.65 | BT37: 78.13 | BU37: 78.42 | BV37: 78.82 | BW37: 78.64 | BX37: 78.07 | BY37: 78.82 | BZ37: 78.82 | CA37: 78.71 | CB37: 78.71 | CC37: 79 | CD37: 79.39 | CE37: 79.17 | CF37: 79.07 | CG37: 79.2 | CH37: 79.64 | CI37: 79.78 | CJ37: 79.81 | CK37: 80.8 | CL37: 81.37 | CM37: 81.7 | CN37: 81.61 | CO37: 81.61 | CP37: 81.86 | CQ37: 81.82 | CR37: 82.51 | CS37: 83.04 | CT37: 83.47 | CU37: 84.49 | CV37: 107.36 | CW37: 125.48 | CX37: 135.64 | CY37: 138.13 | CZ37: 137.39 | DA37: 137.71 | DB37: 141.24 | DC37: 140.93 | DD37: 141.12 | DE37: 141.62 | DF37: 141.22 | DG37: 141.04 | DH37: 140.42 | DI37: 145.05 | DJ37: 146.24 | DK37: 144.14 | DL37: 145.15 | DM37: 144.66 | DN37: 144.74 | DO37: 147.17 | DP37: 151.03 | DQ37: 152.37 | DR37: 152.25 | DS37: 58.12 | DT37: 56.83 | DU37: 57.87 | DV37: 57.41 | DW37: 57.19 | DX37: 57.37 | DY37: 58.6 | DZ37: 58.29 | EA37: 58.2 | EB37: 58.2 | EC37: 57.76 | ED37: 58.51 | EE37: 58.37 | EF37: 59.42 | EG37: 59.83 | EH37: 58.07 | EI37: 58.79 | EJ37: 59.52 | EK37: 59.38 | EL37: 60.37 | EM37: 61.01 | EN37: 60.74 | EO37: 61.31 | EP37: 63.11 | EQ37: 63.71 | ER37: 62.85 | ES37: 62.4 | ET37: 63.69 | EU37: 64.83 | EV37: 65.3 | EW37: 66.81 | EX37: 67.81 | EY37: 68.17 | EZ37: 68 | FA37: 67.93 | FB37: 68.11 | FC37: 68.43 | FD37: 69.5 | FE37: 70.01 | FF37: 70.47 | FG37: 71.03 | FH37: 70.95 | FI37: 70.73 | FJ37: 71.66 | FK37: 72.56 | FL37: 73.83 | FM37: 75.65 | FN37: 76.89 | FO37: 77.46 | FP37: 78.64 | FR37: Average
A38: Premium (Kshs. per Litre) | BJ38: 93.75 | BK38: 85.6 | BL38: 90.34 | BM38: 90.22 | BN38: 93.76 | BO38: 98.14 | BP38: 99.45 | BQ38: 103.5 | BR38: 103.49 | BS38: 94.16 | BT38: 91.34 | BU38: 90.94 | BV38: 89.52 | BW38: 87.38 | BX38: 86.46 | BY38: 81.61 | BZ38: 85.14 | CA38: 87.07 | CB38: 93.81 | CC38: 96.01 | CD38: 92.28 | CE38: 92.44 | CF38: 95.82 | CG38: 95.08 | CH38: 96.01 | CI38: 100.27 | CJ38: 101.05 | CK38: 98 | CL38: 99.59 | CM38: 98.73 | CN38: 97.1 | CO38: 96.08 | CP38: 98.3 | CQ38: 101.67 | CR38: 102.7 | CS38: 104.17 | CT38: 107.17 | CU38: 108.79 | CV38: 108.33 | CW38: 107.7 | CX38: 108.04 | CY38: 109.67 | CZ38: 113.07 | DA38: 114.58 | DB38: 117.54 | DC38: 116.48 | DD38: 117.54 | DE38: 114.3 | DF38: 104.99 | DG38: 101.13 | DH38: 102.13 | DI38: 107.57 | DJ38: 112.79 | DK38: 115.82 | DL38: 116.14 | DM38: 111.7 | DN38: 113.57 | DO38: 108.83 | DP38: 110.99 | DQ38: 109.91 | DR38: 110.61 | DS38: 112.58 | DT38: 112.07 | DU38: 94.09 | DV38: 84.58 | DW38: 90.34 | DX38: 101.37 | DY38: 104.83 | DZ38: 106.72 | EA38: 108.13 | EB38: 106.72 | EC38: 107.69 | ED38: 107.86 | EE38: 116.03 | EF38: 123.66 | EG38: 123.66 | EH38: 127.21 | EI38: 127.98 | EJ38: 127.98 | EK38: 127.98 | EL38: 135.54 | EM38: 130.54 | EN38: 130.54 | EO38: 130.54 | EP38: 130.54 | EQ38: 130.54 | ER38: 135.54 | ES38: 145.44 | ET38: 150.94 | EU38: 159.94 | EV38: 159.94 | EW38: 159.94 | EX38: 180.05 | EY38: 179.06 | EZ38: 178.05 | FA38: 178.05 | FB38: 178.05 | FC38: 178.05 | FD38: 180.05 | FE38: 180.05 | FF38: 183.29 | FG38: 182.63 | FH38: 195.32 | FI38: 195.32 | FJ38: 212.25 | FK38: 217.97 | FL38: 217.97 | FM38: 212.97 | FN38: 207.97 | FO38: 206.97 | FP38: 199.77 | FR38: Average
A39: Diesel Oil (Kshs. per Litre) | BJ39: 84.3 | BK39: 76.49 | BL39: 77.16 | BM39: 78.44 | BN39: 80.3 | BO39: 84.26 | BP39: 85.51 | BQ39: 84.3 | BR39: 80.94 | BS39: 83.38 | BT39: 80.61 | BU39: 79.47 | BV39: 77.66 | BW39: 68.85 | BX39: 66.68 | BY39: 67.21 | BZ39: 71.34 | CA39: 74.69 | CB39: 84.2 | CC39: 85.47 | CD39: 83.42 | CE39: 83.08 | CF39: 83.14 | CG39: 88.18 | CH39: 84.23 | CI39: 89.26 | CJ39: 90.44 | CK39: 88.62 | CL39: 88.05 | CM39: 86.89 | CN39: 84.46 | CO39: 85.86 | CP39: 86.86 | CQ39: 88.71 | CR39: 92.41 | CS39: 92.44 | CT39: 95.79 | CU39: 97.92 | CV39: 98.82 | CW39: 98.82 | CX39: 99.6 | CY39: 104.55 | CZ39: 104.21 | DA39: 103.69 | DB39: 108.97 | DC39: 110.57 | DD39: 108.97 | DE39: 111.89 | DF39: 103.1 | DG39: 96.83 | DH39: 97.47 | DI39: 103.09 | DJ39: 105.23 | DK39: 105.57 | DL39: 104.74 | DM39: 104.92 | DN39: 103.9 | DO39: 102.82 | DP39: 105.1 | DQ39: 102.81 | DR39: 102.81 | DS39: 105.37 | DT39: 102.93 | DU39: 98.84 | DV39: 79.67 | DW39: 75.88 | DX39: 92.81 | DY39: 95.57 | DZ39: 95.45 | EA39: 93.85 | EB39: 91.64 | EC39: 92.75 | ED39: 97.33 | EE39: 102.84 | EF39: 108.58 | EG39: 108.58 | EH39: 108.58 | EI39: 108.58 | EJ39: 108.58 | EK39: 108.58 | EL39: 116.51 | EM39: 111.51 | EN39: 111.51 | EO39: 111.51 | EP39: 111.51 | EQ39: 111.51 | ER39: 116.51 | ES39: 126.41 | ET39: 131.91 | EU39: 140.91 | EV39: 140.91 | EW39: 140.91 | EX39: 165.91 | EY39: 163.92 | EZ39: 162.91 | FA39: 162.91 | FB39: 162.91 | FC39: 162.91 | FD39: 162.91 | FE39: 162.91 | FF39: 169.1 | FG39: 167.98 | FH39: 180.42 | FI39: 180.42 | FJ39: 201.73 | FK39: 206.21 | FL39: 204.21 | FM39: 202.21 | FN39: 197.21 | FO39: 196.21 | FP39: 191.11 | FR39: Average
A40: Local Generation of Electricity Imports (Million KWh) | DF40: 965.9 | DG40: 880.14 | DH40: 979.02 | DI40: 921.2 | DJ40: 952.39 | DK40: 931.59 | DL40: 974.62 | DM40: 967.61 | DN40: 953.34 | DO40: 976.98 | DP40: 965.42 | DQ40: 940.4 | DR40: 986.09 | DS40: 933.62 | DT40: 968.74 | DU40: 840.96 | DV40: 881.09 | DW40: 912.9 | DX40: 969.14 | DY40: 977.09 | DZ40: 972.51 | EA40: 1022.74 | EB40: 996.96 | EC40: 1012.29 | ED40: 1014.91 | EE40: 925.92 | EF40: 1036.59 | EG40: 964.23 | EH40: 1008.4 | EI40: 1003.19 | EJ40: 1037.35 | EK40: 1043.3 | EL40: 1014.07 | EM40: 1039.05 | EN40: 1025.49 | EO40: 1014.22 | EP40: 1026.03 | EQ40: 926.4 | ER40: 1060.62 | ES40: 1006.39 | ET40: 1071.19 | EU40: 1051.1 | EV40: 1110.57 | EW40: 1098.92 | EX40: 1076.52 | EY40: 1098.3 | EZ40: 1066.89 | FA40: 1076.42 | FB40: 1067.36 | FC40: 960.91 | FD40: 995.14 | FE40: 983.12 | FF40: 1070.09 | FG40: 1035.36 | FH40: 1118.98 | FI40: 1098.74 | FJ40: 1069.84 | FK40: 1081.62 | FL40: 1046.15 | FM40: 970.83 | FN40: 1026.49 | FO40: 978.96 | FP40: 1051.98 | FR40: Average
A41: Generation of Electricity Imports to Uganda (Million KWh) | DF41: 15.18 | DG41: 13.92 | DH41: 16.75 | DI41: 26.85 | DJ41: 24.23 | DK41: 15.5 | DL41: 16.88 | DM41: 23.75 | DN41: 10.97 | DO41: 12.21 | DP41: 18.02 | DQ41: 13.81 | DR41: 10.51 | DS41: 10.24 | DT41: 10.92 | DU41: 8.67 | DV41: 9.28 | DW41: 10.94 | DX41: 12.16 | DY41: 12.88 | DZ41: 13.31 | EA41: 11.79 | EB41: 10.02 | EC41: 11.28 | ED41: 16 | EE41: 20.26 | EF41: 22.2 | EG41: 15.2 | EH41: 23.73 | EI41: 23.19 | EJ41: 28.68 | EK41: 26.33 | EL41: 26.78 | EM41: 26.21 | EN41: 26.52 | EO41: 27.68 | EP41: 30.34 | EQ41: 34.14 | ER41: 31.07 | ES41: 27 | ET41: 23.86 | EU41: 23.39 | EV41: 18.88 | EW41: 16.03 | EX41: 23.84 | EY41: 26.01 | EZ41: 22.91 | FA41: 25.94 | FB41: 28.75 | FC41: 18.76 | FD41: 22.5 | FE41: 24.17 | FF41: 25.8 | FG41: 21.25 | FH41: 19.23 | FI41: 14.85 | FJ41: 10.68 | FK41: 26.54 | FL41: 20.06 | FM41: 17.13 | FN41: 20.29 | FO41: 18.13 | FP41: 17.43 | FR41: Average
A42: Generation of Electricity Imports to Ethiopia (Million KWh) | DF42: 0 | DG42: 0.36 | DH42: 0.39 | DI42: 0.37 | DJ42: 0.3 | DK42: 0.35 | DL42: 0.29 | DM42: 0.42 | DN42: 0.39 | DO42: 0.37 | DP42: 0.36 | DQ42: 0.37 | DR42: 0.41 | DS42: 0.37 | DT42: 0.36 | DU42: 0.33 | DV42: 0.41 | DW42: 0.4 | DX42: 0.41 | DY42: 0.43 | DZ42: 0.39 | EA42: 0.44 | EB42: 0.35 | EC42: 0.39 | ED42: 0.44 | EE42: 0.41 | EF42: 0.4 | EG42: 0.4 | EH42: 0.43 | EI42: 0.33 | EJ42: 0.43 | EK42: 0.44 | EL42: 0.45 | EM42: 0.47 | EN42: 0.43 | EO42: 0.48 | EP42: 0.49 | EQ42: 0.46 | ER42: 0.53 | ES42: 0.42 | ET42: 0.47 | EU42: 0.43 | EV42: 0.48 | EW42: 0.5 | EX42: 0.48 | EY42: 0.46 | EZ42: 6.1 | FA42: 1.79 | FB42: 39.73 | FC42: 65.52 | FD42: 113.04 | FE42: 70.5 | FF42: 33.93 | FG42: 34.72 | FH42: 20.64 | FI42: 40.62 | FJ42: 39.25 | FK42: 40.48 | FL42: 48.07 | FM42: 121.57 | FN42: 121.96 | FO42: 113.35 | FP42: 110.97 | FR42: Average
A43: Generation of Electricity Imports to Tanzania (Million KWh) | DF43: 0 | DG43: 0 | DH43: 0 | DI43: 0 | DJ43: 0 | DK43: 0 | DL43: 0 | DM43: 0 | DN43: 0 | DO43: 0 | DP43: 0 | DQ43: 0 | DR43: 0 | DS43: 0 | DT43: 0 | DU43: 0 | DV43: 0 | DW43: 0 | DX43: 0 | DY43: 0 | DZ43: 0 | EA43: 0 | EB43: 0 | EC43: 0 | ED43: 0 | EE43: 0 | EF43: 0 | EG43: 0 | EH43: 0 | EI43: 0 | EJ43: 0 | EK43: 0 | EL43: 0 | EM43: 0 | EN43: 0 | EO43: 0 | EP43: 0 | EQ43: 0 | ER43: 0 | ES43: 0 | ET43: 0 | EU43: 0 | EV43: 0 | EW43: 0 | EX43: 0 | EY43: 0 | EZ43: 0 | FA43: 0 | FB43: 0 | FC43: 0 | FD43: 0 | FE43: 0 | FF43: 0 | FG43: 0 | FH43: 0 | FI43: 0 | FJ43: 0 | FK43: 0 | FL43: 0 | FM43: 0 | FN43: 0 | FO43: 0 | FP43: 0 | FR43: Average
A44: Total Generation of Electricity Imports (Million KWh) | DF44: =SUM(DF40:DF43) -> 981.08 | DG44: =SUM(DG40:DG43) -> 894.42 | DH44: =SUM(DH40:DH43) -> 996.16 | DI44: =SUM(DI40:DI43) -> 948.42 | DJ44: =SUM(DJ40:DJ43) -> 976.92 | DK44: =SUM(DK40:DK43) -> 947.44 | DL44: =SUM(DL40:DL43) -> 991.79 | DM44: =SUM(DM40:DM43) -> 991.78 | ... FP44: =SUM(FP40:FP43) -> 1180.38 | FR44: Average
A45: Total KPLC Consumption Sales (Million KWh) | DF45: 778.12 | DG45: 691.32 | DH45: 752.26 | DI45: 736.38 | DJ45: 733.14 | DK45: 722.34 | DL45: 747.56 | DM45: 749.32 | DN45: 738.73 | DO45: 752.51 | DP45: 761.9 | DQ45: 709.22 | DR45: 772.37 | DS45: 740.48 | DT45: 761.9 | DU45: 645.29 | DV45: 660.11 | DW45: 716.08 | DX45: 729.11 | DY45: 733.67 | DZ45: 751.23 | EA45: 778.02 | EB45: 757.68 | EC45: 748.44 | ED45: 792.01 | EE45: 742.34 | EF45: 799.42 | EG45: 775.02 | EH45: 785.36 | EI45: 796.34 | EJ45: 813.35 | EK45: 823.95 | EL45: 801.61 | EM45: 835.08 | EN45: 805.08 | EO45: 800.94 | EP45: 826.8 | EQ45: 760.2 | ER45: 831.21 | ES45: 803.56 | ET45: 847.54 | EU45: 849.1 | EV45: 862.05 | EW45: 826.82 | EX45: 855.34 | EY45: 862 | EZ45: 854.7 | FA45: 829.06 | FB45: 870.84 | FC45: 828.7 | FD45: 847.47 | FE45: 844.34 | FF45: 873.24 | FG45: 850.53 | FH45: 881.01 | FI45: 885.17 | FJ45: 874.35 | FK45: 877.48 | FL45: 859.43 | FM45: 828.34 | FN45: 881.37 | FO45: 854.01 | FP45: 878.93 | FR45: Average
A46: Consumption of Electricity Exports to Uganda (Million KWh) | DF46: 1.85 | DG46: 1.91 | DH46: 1.7 | DI46: 0.71 | DJ46: 0.19 | DK46: 0.7 | DL46: 0.68 | DM46: 0.6 | DN46: 1.76 | DO46: 1.83 | DP46: 1.35 | DQ46: 2.88 | DR46: 1.6 | DS46: 1.25 | DT46: 1.85 | DU46: 1.3 | DV46: 1.32 | DW46: 1.31 | DX46: 1.38 | DY46: 1.25 | DZ46: 1.14 | EA46: 1.3 | EB46: 1.42 | EC46: 1.42 | ED46: 0.73 | EE46: 0.49 | EF46: 0.54 | EG46: 2.79 | EH46: 3 | EI46: 1.9 | EJ46: 1.72 | EK46: 1.61 | EL46: 1.09 | EM46: 1.47 | EN46: 1.43 | EO46: 1.43 | EP46: 0.85 | EQ46: 0.18 | ER46: 0.95 | ES46: 1.4 | ET46: 2.05 | EU46: 1.68 | EV46: 3.16 | EW46: 4.27 | EX46: 1.5 | EY46: 1.54 | EZ46: 1.98 | FA46: 1.79 | FB46: 1.83 | FC46: 2.51 | FD46: 2.58 | FE46: 1.89 | FF46: 1.55 | FG46: 2.31 | FH46: 2.91 | FI46: 4.45 | FJ46: 4.92 | FK46: 2.05 | FL46: 2.79 | FM46: 4.01 | FN46: 3.41 | FO46: 3.38 | FP46: 3.86 | FR46: Average
A47: Consumption of Electricity Exports to Tanzania (Million KWh) | DF47: 0.01 | DG47: 0 | DH47: 0 | DI47: 0 | DJ47: 0 | DK47: 0 | DL47: 0 | DM47: 0 | DN47: 0 | DO47: 0 | DP47: 0 | DQ47: 0 | DR47: 0 | DS47: 0 | DT47: 0 | DU47: 0 | DV47: 0 | DW47: 0 | DX47: 0 | DY47: 0 | DZ47: 0 | EA47: 0 | EB47: 0 | EC47: 0 | ED47: 0 | EE47: 0 | EF47: 0 | EG47: 0 | EH47: 0 | EI47: 0 | EJ47: 0 | EK47: 0 | EL47: 0 | EM47: 0 | EN47: 0 | EO47: 0 | EP47: 0 | EQ47: 0 | ER47: 0 | ES47: 0 | ET47: 0 | EU47: 0 | EV47: 0 | EW47: 0 | EX47: 0 | EY47: 0 | EZ47: 0 | FA47: 0 | FB47: 0 | FC47: 0 | FD47: 0 | FE47: 0 | FF47: 0 | FG47: 0 | FH47: 0 | FI47: 0 | FJ47: 0 | FK47: 0 | FL47: 0 | FM47: 0 | FN47: 0 | FO47: 0 | FP47: 0 | FR47: Average
A48: ICT, Tourism and Transport
A49: Visitors Arrivals | W49: 107659 | X49: 109035 | Y49: 115979 | Z49: 111584 | AA49: 105041 | AB49: 95633 | AC49: 79544 | AD49: 76117 | AE49: 96906 | AF49: 120807 | AG49: 126640 | AH49: 103465 | AI49: 108853 | AJ49: 99257 | AK49: 115655 | AL49: 111984 | AM49: 73001 | AN49: 69953 | AO49: 68424 | AP49: 74523 | AQ49: 97775 | AR49: 123812 | AS49: 57083 | AT49: 95707 | AU49: 101407 | AV49: 100310 | AW49: 128673 | AX49: 95759 | AY49: 68604 | AZ49: 91602 | BA49: 66650 | BB49: 58301 | BC49: 47307 | BD49: 86666 | BE49: 93427 | BF49: 60521 | BG49: 58929 | BH49: 58633 | BI49: 74997 | BJ49: 50953 | BK49: 53053 | BL49: 73079 | BM49: 53953 | BN49: 53275 | BO49: 63146 | BP49: 78243 | BQ49: 70878 | BR49: 59276 | BS49: 72490 | BT49: 61340 | BU49: 59085 | BV49: 74838 | BW49: 72839 | BX49: 58547 | BY49: 55180 | BZ49: 62872 | CA49: 68633 | CB49: 89561 | CC49: 96958 | CD49: 75630 | CE49: 72244 | CF49: 69214 | CG49: 77869 | CH49: 79358 | CI49: 70468 | CJ49: 73501 | CK49: 67970 | CL49: 68389 | CM49: 80121 | CN49: 105239 | CO49: 89782 | CP49: 87440 | CQ49: 63591 | CR49: 72573 | CS49: 105862 | CT49: 119795 | CU49: 111324 | CV49: 111465 | CW49: 99441 | CX49: 98465 | CY49: 119254 | CZ49: 150788 | DA49: 154820 | DB49: 124455 | DC49: 124940 | DD49: 111620 | DE49: 134259 | DF49: 129089 | DG49: 119922 | DH49: 115733 | DI49: 109514 | DJ49: 102477 | DK49: 129276 | DL49: 158949 | DM49: 161723 | DN49: 133209 | DO49: 126768 | DP49: 123887 | DQ49: 134303 | DR49: 125287 | DS49: 117438 | DT49: 47296 | DU49: 9 | DV49: 94 | DW49: 424 | DX49: 476 | DY49: 16762 | DZ49: 19740 | EA49: 28982 | EB49: 31211 | EC49: 46335 | ED49: 46279 | EE49: 35052 | EF49: 40408 | EG49: 30887 | EH49: 33888 | EI49: 48532 | EJ49: 69025 | EK49: 78548 | EL49: 70300 | EM49: 72809 | EN49: 76706 | EO49: 90504 | EP49: 69932 | EQ49: 73950 | ER49: 81409 | ES49: 81328 | ET49: 90487 | EU49: 108166 | EV49: 124927 | EW49: 111055 | EX49: 106922 | EY49: 113981 | EZ49: 107854 | FA49: 128716 | FB49: 128772 | FC49: 123060 | FD49: 118738 | FE49: 100063 | FF49: 106865 | FG49: 141590 | FH49: 168365 | FI49: 172060 | FJ49: 145677 | FK49: 142242 | FL49: 133606 | FM49: 154283 | FN49: 134665 | FR49: Addition
A50: Telecommunications Equipment Imports (Kshs.Million) | CJ50: 2989 | CK50: 2064.1 | CL50: 2138 | CM50: 5931.83 | CN50: 2378.02 | CO50: 2168.63 | CP50: 2220.9 | CQ50: 1017.05 | CR50: 1298.7 | CS50: 2346.09 | CT50: 1742.38 | CU50: 1822.21 | CV50: 1574.82 | CW50: 1659.62 | CX50: 1981.77 | CY50: 2148.07 | CZ50: 2762.25 | DA50: 2341.38 | DB50: 2206.31 | DC50: 1453.03 | DD50: 3507.65 | DE50: 2314.89 | DF50: 4480.02 | DG50: 1947.48 | DH50: 1367.73 | DI50: 1346.14 | DJ50: 1778.31 | DK50: 927.17 | DL50: 1128.13 | DM50: 503.78 | DN50: 617.21 | DO50: 2539.21 | DP50: 3008.67 | DQ50: 2178.71 | DR50: 2754.9 | DS50: 1151.53 | DT50: 1829.69 | DU50: 739.03 | DV50: 1589.56 | DW50: 2651.51 | DX50: 3115.44 | DY50: 2141.07 | DZ50: 2411.17 | EA50: 3642.68 | EB50: 1663.96 | EC50: 2235.01 | ED50: 2003.02 | EE50: 1158.86 | EF50: 1200.83 | EG50: 1010.66 | EH50: 1918 | EI50: 1554.09 | EJ50: 3417.78 | EK50: 1284.6 | EL50: 1233.65 | EM50: 1778.35 | EN50: 2225.12 | EO50: 4139.32 | EP50: 1995.15 | EQ50: 1680.01 | ER50: 2568.62 | ES50: 1200.97 | ET50: 1635.44 | EU50: 2634.03 | EV50: 2794.52 | EW50: 2393.35 | EX50: 1563.47 | EY50: 1509.8 | EZ50: 2153.43 | FA50: 1669.76 | FB50: 1546.4 | FC50: 2327.23 | FD50: 1479.32 | FE50: 3116.44 | FF50: 1762.54 | FG50: 1504.51 | FH50: 4488.93 | FI50: 2800.91 | FJ50: 3176.61 | FK50: 3107.94 | FL50: 3433.49 | FM50: 2502.84 | FN50: 2993.03 | FO50: 3640.96 | FP50: 2415.23 | FR50: Addition
A51: Value of Telecommunications Equipment Exports (Million) | CJ51: 61.82 | CK51: 22.7 | CL51: 19.2 | CM51: 11.8 | CN51: 138.4 | CO51: 128.7 | CP51: 64 | CQ51: 18.9 | CR51: 28.52 | CS51: 36.13 | CT51: 13.21 | CU51: 40.75 | CV51: 63.47 | CW51: 21.01 | CX51: 90.39 | CY51: 43.91 | CZ51: 82.25 | DA51: 117.56 | DB51: 33.4 | DC51: 9.76 | DD51: 39.2 | DE51: 23.94 | DF51: 49.42 | DG51: 60.03 | DH51: 21.88 | DI51: 114.91 | DJ51: 23.47 | DK51: 15 | DL51: 342.64 | DM51: 1.35 | DN51: 11.28 | DO51: 42.38 | DP51: 26.55 | DQ51: 5.97 | DR51: 20.49 | DS51: 23.6 | DT51: 41.51 | DU51: 24.15 | DV51: 4.09 | DW51: 13.93 | DX51: 44.55 | DY51: 19.4 | DZ51: 213.02 | EA51: 21.35 | EB51: 52.19 | EC51: 45.73 | ED51: 3.8 | EE51: 114.85 | EF51: 17.73 | EG51: 16.78 | EH51: 0 | EI51: 81.42 | EJ51: 15.19 | EK51: 13.87 | EL51: 0 | EM51: 81.09 | EN51: 123.74 | EO51: 193.93 | EP51: 6.46 | EQ51: 434.13 | ER51: 258.92 | ES51: 57.08 | ET51: 31.84 | EU51: 280.08 | EV51: 60.23 | EW51: 246.2 | EX51: 21.64 | EY51: 35.74 | EZ51: 17.57 | FA51: 41.28 | FB51: 89 | FC51: 210.03 | FD51: 67.36 | FE51: 404.46 | FF51: 59.98 | FG51: 69.79 | FH51: 89.56 | FI51: 119.52 | FJ51: 108.4 | FK51: 75.96 | FL51: 167.42 | FM51: 156.64 | FN51: 57.09 | FO51: 24.66 | FP51: 77.11 | FR51: Addition
A52: Mobile Money Subscriptions (Million) | BV52: 29.1 | BW52: 29.49 | BX52: 30.7 | BY52: 31.44 | BZ52: 31.3 | CA52: 31.39 | CB52: 32.34 | CC52: 32.76 | CD52: 33.44 | CE52: 34.04 | CF52: 34.28 | CG52: 34.96 | CH52: 33.34 | CI52: 33.29 | CJ52: 33.92 | CK52: 34.29 | CL52: 34.21 | CM52: 34.18 | CN52: 34.58 | CO52: 35.33 | CP52: 35.54 | CQ52: 36 | CR52: 36.39 | CS52: 37.39 | CT52: 37.84 | CU52: 38.42 | CV52: 39.34 | CW52: 40.29 | CX52: 41.73 | CY52: 42.58 | CZ52: 42.61 | DA52: 43.56 | DB52: 44.27 | DC52: 45.44 | DD52: 46.23 | DE52: 47.69 | DF52: 40.3 | DG52: 50.04 | DH52: 50.36 | DI52: 52.05 | DJ52: 52.2 | DK52: 46.8 | DL52: 53.89 | DM52: 54.78 | DN52: 55.7 | DO52: 56.29 | DP52: 58.04 | DQ52: 58.36 | DR52: 59.17 | DS52: 58.67 | DT52: 58.71 | DU52: 59.43 | DV52: 60.24 | DW52: 61.73 | DX52: 62.07 | DY52: 62.78 | DZ52: 64.03 | EA52: 65.26 | EB52: 65.77 | EC52: 66.01 | ED52: 66.59 | EE52: 67.16 | EF52: 65.93 | EG52: 67.11 | EH52: 67.77 | EI52: 67.78 | EJ52: 68.54 | EK52: 68.09 | EL52: 67.7 | EM52: 66.88 | EN52: 67.15 | EO52: 68.03 | EP52: 68.28 | EQ52: 67.94 | ER52: 68.62 | ES52: 68.72 | ET52: 70.03 | EU52: 70.33 | EV52: 71.58 | EW52: 70.06 | EX52: 71.67 | EY52: 73.22 | EZ52: 73.22 | FA52: 73.12 | FB52: 74.41 | FC52: 74.04 | FD52: 73.72 | FE52: 75.96 | FF52: 77.34 | FG52: 76.99 | FH52: 77.21 | FI52: 77.55 | FJ52: 77.07 | FK52: 75.96 | FL52: 77.12 | FM52: 77.26 | FN52: 76.76 | FO52: 77.33 | FR52: Addition
A53: Number of transactions (Million) | BV53: 108.13 | BW53: 114.14 | BX53: 121.72 | BY53: 120.23 | BZ53: 122.55 | CA53: 121.81 | CB53: 127.04 | CC53: 131.46 | CD53: 130.7 | CE53: 141.41 | CF53: 140.78 | CG53: 146.2 | CH53: 122.03 | CI53: 117.5 | CJ53: 133.34 | CK53: 128.89 | CL53: 132.46 | CM53: 125.9 | CN53: 128.11 | CO53: 120.65 | CP53: 128.46 | CQ53: 134.2 | CR53: 131.74 | CS53: 139.93 | CT53: 136.66 | CU53: 132.3 | CV53: 147.52 | CW53: 142.06 | CX53: 140.95 | CY53: 137.41 | CZ53: 143.09 | DA53: 149.52 | DB53: 145.99 | DC53: 155.16 | DD53: 153.15 | DE53: 155.77 | DF53: 154.24 | DG53: 144.49 | DH53: 161.38 | DI53: 155.8 | DJ53: 153.26 | DK53: 149.73 | DL53: 152.98 | DM53: 151.83 | DN53: 151.22 | DO53: 156.11 | DP53: 153.06 | DQ53: 154.99 | DR53: 150.2 | DS53: 148.53 | DT53: 150.69 | DU53: 124.99 | DV53: 135.92 | DW53: 143.14 | DX53: 157.76 | DY53: 163.21 | DZ53: 163.34 | EA53: 174.11 | EB53: 170.03 | EC53: 181.37 | ED53: 173.91 | EE53: 164.2 | EF53: 182.29 | EG53: 173.35 | EH53: 180.76 | EI53: 175.83 | EJ53: 184 | EK53: 184.51 | EL53: 180.85 | EM53: 190.06 | EN53: 185.98 | EO53: 189.8 | EP53: 181.85 | EQ53: 171.39 | ER53: 195.82 | ES53: 188.24 | ET53: 192.95 | EU53: 186.2 | EV53: 194.77 | EW53: 184.81 | EX53: 189.7 | EY53: 196.93 | EZ53: 190.46 | FA53: 207.01 | FB53: 198.31 | FC53: 184.82 | FD53: 204.83 | FE53: 194.95 | FF53: 205.88 | FG53: 197.42 | FH53: 202.85 | FI53: 208.61 | FJ53: 201.58 | FK53: 210.62 | FL53: 201.31 | FM53: 213.31 | FN53: 211.58 | FO53: 213.34 | FR53: Addition
A54: Value of Mobile Money Transactions (Ksh Billions) | BV54: 243.37 | BW54: 257.19 | BX54: 273.59 | BY54: 269.82 | BZ54: 277.94 | CA54: 270.97 | CB54: 281.85 | CC54: 296.91 | CD54: 283.85 | CE54: 292.09 | CF54: 291.23 | CG54: 316.77 | CH54: 299.49 | CI54: 279.39 | CJ54: 320.18 | CK54: 297.44 | CL54: 315.45 | CM54: 299.79 | CN54: 308.89 | CO54: 286.34 | CP54: 300.92 | CQ54: 299.02 | CR54: 298.96 | CS54: 332.62 | CT54: 322.98 | CU54: 300.85 | CV54: 337.11 | CW54: 313 | CX54: 328.97 | CY54: 317.67 | CZ54: 332.35 | DA54: 348.91 | DB54: 327.66 | DC54: 343.23 | DD54: 343.87 | DE54: 367.77 | DF54: 368.02 | DG54: 328.15 | DH54: 368.39 | DI54: 360.22 | DJ54: 364.25 | DK54: 346.85 | DL54: 366.39 | DM54: 368.5 | DN54: 365.91 | DO54: 366.9 | DP54: 359.26 | DQ54: 382.93 | DR54: 371.9 | DS54: 350.48 | DT54: 364.51 | DU54: 307.99 | DV54: 357.37 | DW54: 392.17 | DX54: 450.98 | DY54: 473.52 | DZ54: 483.21 | EA54: 528.9 | EB54: 526.81 | EC54: 605.69 | ED54: 590.36 | EE54: 567.99 | EF54: 537.75 | EG54: 502.22 | EH54: 536.69 | EI54: 532.63 | EJ54: 587.98 | EK54: 586.52 | EL54: 585.38 | EM54: 618.14 | EN54: 600.97 | EO54: 622.14 | EP54: 585.82 | EQ54: 568.71 | ER54: 664.31 | ES54: 663.53 | ET54: 692.62 | EU54: 665.09 | EV54: 722.52 | EW54: 677.36 | EX54: 674.47 | EY54: 646.5 | EZ54: 639.84 | FA54: 708.06 | FB54: 589.3 | FC54: 578.09 | FD54: 645.8 | FE54: 615.25 | FF54: 670.44 | FG54: 643.76 | FH54: 684.64 | FI54: 666.63 | FJ54: 660.84 | FK54: 703.28 | FL54: 707.55 | FM54: 788.35 | FN54: 783.98 | FO54: 790.8 | FR54: Addition
A55: Actual Value of Residential Building plans Approved for Nairobi (Million) | X55: 13804.5 | Y55: 12497 | Z55: 3787.5 | AA55: 5078.9 | AB55: 3756.9 | AC55: 5319.8 | AD55: 5589.5 | AE55: 5712.7 | AF55: 5928.3 | AG55: 6685 | AH55: 8497.5 | AI55: 6379.1 | AJ55: 11546 | AK55: 6903.7 | AL55: 5899.4 | AM55: 7315.4 | AN55: 8930.9 | AO55: 8622.5 | AP55: 9250.3 | AQ55: 10935.3 | AR55: 11135 | AS55: 11210.8 | AT55: 12543.2 | AU55: 14031.3 | AV55: 17914 | AW55: 11845.9 | AX55: 6637 | AY55: 7754 | AZ55: 8354.8 | BA55: 10554.8 | BB55: 11424.5 | BC55: 11762.8 | BD55: 12112.4 | BE55: 12817.3 | BF55: 9665.2 | BG55: 12296.5 | BH55: 14067.1 | BI55: 14681.2 | BJ55: 8829.2 | BK55: 10154 | BL55: 10758 | BM55: 11358 | BN55: 11618 | BO55: 12403.5 | BP55: 11579.5 | BQ55: 13402.2 | BR55: 13724.5 | BS55: 14005.6 | BT55: 15004.4 | BU55: 14116.5 | BV55: 13979.86 | BW55: 14206 | BX55: 16002.46 | BY55: 13619 | BZ55: 16463.16 | CA55: 16685.26 | CB55: 16194.86 | CC55: 16840.34 | CD55: 17024.12 | CE55: 15528.66 | CF55: 16014.48 | CG55: 14012.66 | CH55: 10822.4 | CI55: 11275.5 | CJ55: 11765.56 | CK55: 11800.44 | CL55: 12401.97 | CM55: 12300.63 | CN55: 18146.46 | CO55: 0 | CP55: 16019 | CQ55: 22011 | CR55: 10589.01 | CS55: 12961.45 | CT55: 13122.47 | CU55: 10917.29 | CV55: 12810.54 | CW55: 0 | CX55: 12917.29 | CY55: 13409.58 | CZ55: 10624.92 | DA55: 10735.63 | DB55: 11132.49 | DC55: 9696.37 | DD55: 15319.8 | DE55: 11152.41 | DF55: 10435.29 | DG55: 10357.13 | DH55: 12256.4 | DI55: 11511.2 | DJ55: 15042.46 | DK55: 16277.14 | DL55: 13349.98 | DM55: 11431.42 | DN55: 13888.31 | DO55: 13630.56 | DP55: 0 | DQ55: 10026.76 | DR55: 12361.6 | DS55: 24801.96 | DT55: 22827.64 | DU55: 12284.89 | DV55: 3430.74 | DW55: 0 | DX55: 0 | DY55: 5037.15 | DZ55: 3302.22 | EA55: 0 | EB55: 8335.88 | EC55: 16776.05 | ED55: 6329.78 | EE55: 7497.72 | EF55: 11270.96 | EG55: 4284.75 | EH55: 2708.76 | EI55: 1402.78 | EJ55: 1293.78 | EK55: 162.53 | EL55: 9567.72 | EM55: 17717.69 | EN55: 8580.41 | EO55: 5481.45 | EP55: 13430.32 | EQ55: 6879.27 | ER55: 15672.26 | ES55: 18139.51 | ET55: 4384.84 | EU55: 5133.29 | EV55: 17389.03 | EW55: 4853.9 | EX55: 14860.1 | EY55: 7603.6 | EZ55: 4283.15 | FA55: 14774.87 | FB55: 23440.38 | FC55: 18169.35 | FD55: 16265.27 | FE55: 8427.47 | FF55: 6538.26 | FG55: 6950.15 | FH55: 22777.91 | FI55: 24743.99 | FJ55: 8717.68 | FK55: 13649.33 | FL55: 13955.2 | FM55: 21436.8 | FN55: 11620.65 | FO55: 12606.7 | FP55: 11579.64 | FR55: Addition
A56: Actual Value of Non-Residential Building plans Approved for Nairobi (Million) | X56: 4397.1 | Y56: 5186.7 | Z56: 4783.3 | AA56: 4606.1 | AB56: 12616 | AC56: 12700.9 | AD56: 4204.2 | AE56: 7349.9 | AF56: 11636.1 | AG56: 14775 | AH56: 12809.7 | AI56: 14506.9 | AJ56: 3008 | AK56: 12273.5 | AL56: 11970.5 | AM56: 7374.9 | AN56: 6882.8 | AO56: 4765.3 | AP56: 6765.3 | AQ56: 8254.5 | AR56: 8156.8 | AS56: 8568.8 | AT56: 8418.5 | AU56: 11897 | AV56: 12151.2 | AW56: 11923.3 | AX56: 5623.1 | AY56: 6003.1 | AZ56: 7069.3 | BA56: 7282.8 | BB56: 6889.2 | BC56: 7479.2 | BD56: 7249 | BE56: 7800.1 | BF56: 12339.35 | BG56: 11416 | BH56: 8242.8 | BI56: 8496.2 | BJ56: 3883.7 | BK56: 6003.1 | BL56: 5706.5 | BM56: 5986.5 | BN56: 7006.5 | BO56: 8017.8 | BP56: 10036.6 | BQ56: 8479.7 | BR56: 9812.8 | BS56: 10007.9 | BT56: 10458.9 | BU56: 9777 | BV56: 9989.36 | BW56: 8015.56 | BX56: 10458.88 | BY56: 11802.16 | BZ56: 11776.98 | CA56: 11588.5 | CB56: 12460.94 | CC56: 12039.72 | CD56: 10380.6 | CE56: 13714.26 | CF56: 7480.46 | CG56: 8006.02 | CH56: 9503.42 | CI56: 8475.84 | CJ56: 9867.06 | CK56: 10039.54 | CL56: 9739.09 | CM56: 10679.08 | CN56: 2691.63 | CO56: 0 | CP56: 8006.9 | CQ56: 9994.1 | CR56: 5814.25 | CS56: 5847.21 | CT56: 6824.92 | CU56: 9822.84 | CV56: 6607.25 | CW56: 0 | CX56: 7122.58 | CY56: 7207.25 | CZ56: 7201.69 | DA56: 4880.78 | DB56: 6147.54 | DC56: 8082.13 | DD56: 9354.4 | DE56: 5206.55 | DF56: 7064.94 | DG56: 7435.42 | DH56: 8991.05 | DI56: 7347.15 | DJ56: 8190.28 | DK56: 6346.94 | DL56: 6312.74 | DM56: 4231.3 | DN56: 5986.4 | DO56: 9579.64 | DP56: 0 | DQ56: 5932.38 | DR56: 7985.49 | DS56: 6716.3 | DT56: 7744.8 | DU56: 8749.42 | DV56: 2582.29 | DW56: 0 | DX56: 0 | DY56: 2127.04 | DZ56: 828.84 | EA56: 0 | EB56: 5160.24 | EC56: 2522.87 | ED56: 2702.02 | EE56: 2130.36 | EF56: 2903.69 | EG56: 619.74 | EH56: 2038.99 | EI56: 283.1 | EJ56: 279.37 | EK56: 123.11 | EL56: 5359.27 | EM56: 1875.12 | EN56: 1880.48 | EO56: 6362.91 | EP56: 5501.79 | EQ56: 4476.99 | ER56: 3619.89 | ES56: 3482.23 | ET56: 1683.7 | EU56: 2826.93 | EV56: 2011.23 | EW56: 2493.14 | EX56: 3699.43 | EY56: 941.95 | EZ56: 1500.84 | FA56: 2812.47 | FB56: 226.39 | FC56: 601.63 | FD56: 5077.56 | FE56: 2559.41 | FF56: 891.93 | FG56: 3096.78 | FH56: 3319.95 | FI56: 6958.32 | FJ56: 2148.01 | FK56: 4397.46 | FL56: 2210.7 | FM56: 3476.92 | FN56: 2400.55 | FO56: 3627.33 | FP56: 2035.64 | FR56: Addition
A57: Real Value of Residential Building plans Approved for Nairobi (Million) | X57: 235.8 | Y57: 213.5 | Z57: 60.4 | AA57: 81 | AB57: 59.9 | AC57: 84.8 | AD57: 89.2 | AE57: 91.1 | AF57: 94.5 | AG57: 106.6 | AH57: 135.5 | AI57: 101.7 | AJ57: 184.1 | AK57: 110.1 | AL57: 90.2 | AM57: 111.9 | AN57: 136.6 | AO57: 131.8 | AP57: 141.4 | AQ57: 167.2 | AR57: 170.3 | AS57: 171.4 | AT57: 191.8 | AU57: 214.6 | AV57: 273.9 | AW57: 181.1 | AX57: 94.6 | AY57: 110.5 | AZ57: 119.1 | BA57: 150.4 | BB57: 162.8 | BC57: 167.6 | BD57: 172.62 | BE57: 182.7 | BF57: 137.7 | BG57: 175.3 | BH57: 200.5 | BI57: 209.2 | BJ57: 113.1 | BK57: 130.1 | BL57: 137.8 | BM57: 145.5 | BN57: 148.8 | BO57: 158.9 | BP57: 148.4 | BQ57: 171.7 | BR57: 175.8 | BS57: 179.4 | BT57: 192.2 | BU57: 180.8 | BV57: 171.51 | BW57: 174.28 | BX57: 196.32 | BY57: 167.08 | BZ57: 201.97 | CA57: 204.7 | CB57: 198.68 | CC57: 206.6 | CD57: 208.86 | CE57: 190.51 | CF57: 196.47 | CG57: 171.91 | CH57: 128.37 | CI57: 133.74 | CJ57: 139.56 | CK57: 139.97 | CL57: 147.11 | CM57: 145.9 | CN57: 215.24 | CO57: 0 | CP57: 190.01 | CQ57: 261.08 | CR57: 125.6 | CS57: 153.74 | CT57: 154.2 | CU57: 128.29 | CV57: 150.53 | CW57: 0 | CX57: 151.79 | CY57: 157.57 | CZ57: 124.85 | DA57: 126.15 | DB57: 130.82 | DC57: 113.94 | DD57: 180.02 | DE57: 131.05 | DF57: 114.03 | DG57: 113.18 | DH57: 133.94 | DI57: 125.79 | DJ57: 164.38 | DK57: 177.87 | DL57: 145.89 | DM57: 124.92 | DN57: 151.77 | DO57: 148.95 | DP57: 0 | DQ57: 109.57 | DR57: 126.87 | DS57: 254.55 | DT57: 234.29 | DU57: 126.08 | DV57: 35.21 | DW57: 0 | DX57: 0 | DY57: 51.7 | DZ57: 33.89 | EA57: 0 | EB57: 85.55 | EC57: 172.18 | ED57: 63.23 | EE57: 74.9 | EF57: 112.6 | EG57: 42.8 | EH57: 27.06 | EI57: 1390.13 | EJ57: 1282.11 | EK57: 161.07 | EL57: 9481.44 | EM57: 17557.92 | EN57: 8503.03 | EO57: 5432.02 | EP57: 12428.58 | EQ57: 6366.16 | ER57: 14503.29 | ES57: 16786.52 | ET57: 4057.78 | EU57: 4750.4 | EV57: 16092.01 | EW57: 4491.38 | EX57: 13751.71 | EY57: 7036.46 | EZ57: 3963.68 | FA57: 13672.84 | FB57: 20843.31 | FC57: 16156.28 | FD57: 14463.16 | FE57: 7493.75 | FF57: 5813.86 | FG57: 6180.11 | FH57: 20254.24 | FI57: 22002.48 | FJ57: 7751.8 | FK57: 12137.06 | FL57: 12409.04 | FM57: 19061.71 | FN57: 10333.14 | FO57: 11209.68 | FP57: 10296.68 | FR57: Addition
A58: Real Value of Non-Residential Building plans Approved for Nairobi (Million) | X58: 71.4 | Y58: 84.3 | Z58: 75.6 | AA58: 72.8 | AB58: 199.5 | AC58: 200.9 | AD58: 200.9 | AE58: 116.2 | AF58: 184 | AG58: 233.7 | AH58: 202.6 | AI58: 229.4 | AJ58: 47.6 | AK58: 194.1 | AL58: 173.3 | AM58: 106.7 | AN58: 99.6 | AO58: 69 | AP58: 97.9 | AQ58: 119.4 | AR58: 118.1 | AS58: 124 | AT58: 121.8 | AU58: 172.2 | AV58: 175.9 | AW58: 172.6 | AX58: 76.2 | AY58: 81.4 | AZ58: 95.8 | BA58: 98.7 | BB58: 93.4 | BC58: 101.4 | BD58: 98.3 | BE58: 105.7 | BF58: 167.3 | BG58: 154.7 | BH58: 111.7 | BI58: 115.2 | BJ58: 48.1 | BK58: 74.4 | BL58: 70.7 | BM58: 74.2 | BN58: 86.8 | BO58: 99.32 | BP58: 124.33 | BQ58: 105.03 | BR58: 121.6 | BS58: 124 | BT58: 129.6 | BU58: 121.1 | BV58: 118.23 | BW58: 94.87 | BX58: 123.79 | BY58: 139.68 | BZ58: 139.39 | CA58: 137.16 | CB58: 147.48 | CC58: 142.5 | CD58: 122.86 | CE58: 162.31 | CF58: 88.53 | CG58: 94.76 | CH58: 108.53 | CI58: 96.8 | CJ58: 112.69 | CK58: 114.66 | CL58: 111.23 | CM58: 121.96 | CN58: 30.74 | CO58: 0 | CP58: 91.44 | CQ58: 214.14 | CR58: 66.4 | CS58: 66.78 | CT58: 78.25 | CU58: 112.62 | CV58: 75.75 | CW58: 0 | CX58: 81.66 | CY58: 82.63 | CZ58: 82.57 | DA58: 55.96 | DB58: 70.48 | DC58: 92.66 | DD58: 107.25 | DE58: 59.69 | DF58: 75.22 | DG58: 79.16 | DH58: 95.73 | DI58: 78.22 | DJ58: 87.2 | DK58: 67.58 | DL58: 67.21 | DM58: 45.05 | DN58: 63.74 | DO58: 101.99 | DP58: 0 | DQ58: 63.16 | DR58: 82.73 | DS58: 69.58 | DT58: 80.23 | DU58: 90.64 | DV58: 26.75 | DW58: 0 | DX58: 0 | DY58: 22.04 | DZ58: 8.59 | EA58: 0 | EB58: 53.46 | EC58: 26.14 | ED58: 27.2 | EE58: 21.45 | EF58: 29.23 | EG58: 6.24 | EH58: 20.53 | EI58: 280.55 | EJ58: 276.85 | EK58: 122 | EL58: 5310.94 | EM58: 1858.21 | EN58: 1863.52 | EO58: 6305.53 | EP58: 5091.42 | EQ58: 4143.06 | ER58: 3349.88 | ES58: 3222.5 | ET58: 1558.11 | EU58: 2616.07 | EV58: 1861.21 | EW58: 2307.18 | EX58: 3423.5 | EY58: 871.69 | EZ58: 1388.9 | FA58: 2602.69 | FB58: 201.3 | FC58: 534.97 | FD58: 4514.99 | FE58: 2275.84 | FF58: 793.11 | FG58: 2753.67 | FH58: 2952.11 | FI58: 6187.38 | FJ58: 1910.02 | FK58: 3910.24 | FL58: 1965.77 | FM58: 3091.7 | FN58: 2134.58 | FO58: 3225.44 | FP58: 1810.1 | FR58: Addition
A60: Foreign Exchange Rates of Kshs. against Major Currencies
A61: 1 US Dollar | DF61: 115.95 | DG61: 100.23 | DH61: 100.36 | DI61: 101.07 | DJ61: 101.14 | DK61: 101.69 | DL61: 103.16 | DM61: 103.3 | DN61: 103.8 | DO61: 103.67 | DP61: 102.39 | DQ61: 101.5 | DR61: 101.08 | DS61: 100.79 | DT61: 103.74 | DU61: 106.41 | DV61: 106.68 | DW61: 106.4 | DX61: 107.27 | DY61: 108.32 | DZ61: 108.41 | EA61: 108.64 | EB61: 109.25 | EC61: 110.59 | ED61: 109.83 | EE61: 109.68 | EF61: 109.73 | EG61: 107.95 | EH61: 107.43 | EI61: 107.81 | EJ61: 108.14 | EK61: 109.24 | EL61: 110.13 | EM61: 110.86 | EN61: 111.92 | EO61: 112.91 | EP61: 113.38 | EQ61: 113.66 | ER61: 114.32 | ES61: 115.4 | ET61: 116.28 | EU61: 117.29 | EV61: 118.32 | EW61: 119.45 | EX61: 120.42 | EY61: 121.03 | EZ61: 121.9 | FA61: 122.93 | FB61: 123.93 | FC61: 125.45 | FD61: 129.74 | FE61: 134.4 | FF61: 137.26 | FG61: 139.73 | FH61: 141.45 | FI61: 143.93 | FJ61: 146.77 | FK61: 149.4 | FL61: 152.03 | FM61: 154.09 | FN61: 159.69 | FO61: 151.84 | FP61: 137.35 | FR61: Average
A62: 1 Pound Sterling | DF62: 130.76 | DG62: 130.29 | DH62: 132.29 | DI62: 131.77 | DJ62: 130.17 | DK62: 128.82 | DL62: 128.92 | DM62: 125.59 | DN62: 128.16 | DO62: 130.65 | DP62: 131.96 | DQ62: 132.9 | DR62: 132.15 | DS62: 130.83 | DT62: 128.54 | DU62: 131.92 | DV62: 131.29 | DW62: 133.38 | DX62: 135.3 | DY62: 141.98 | DZ62: 140.89 | EA62: 140.94 | EB62: 144.13 | EC62: 148.42 | ED62: 149.75 | EE62: 151.8 | EF62: 152.21 | EG62: 149.3 | EH62: 151.06 | EI62: 151.45 | EJ62: 149.37 | EK62: 150.87 | EL62: 151.51 | EM62: 151.58 | EN62: 150.97 | EO62: 150.15 | EP62: 153.59 | EQ62: 153.71 | ER62: 151 | ES62: 150.11 | ET62: 145.06 | EU62: 144.83 | EV62: 141.85 | EW62: 143.46 | EX62: 136.66 | EY62: 136.6 | EZ62: 142.97 | FA62: 149.8 | FB62: 151.33 | FC62: 151.87 | FD62: 157.35 | FE62: 167.26 | FF62: 171.35 | FG62: 176.27 | FH62: 182.06 | FI62: 182.92 | FJ62: 182.29 | FK62: 181.86 | FL62: 188.57 | FM62: 194.98 | FN62: 202.88 | FO62: 191.67 | FP62: 174.58 | FR62: Average
A63: 1 Euro | DF63: 115.95 | DG63: 113.68 | DH63: 113.51 | DI63: 113.58 | DJ63: 113.19 | DK63: 114.73 | DL63: 115.83 | DM63: 114.96 | DN63: 114.35 | DO63: 114.41 | DP63: 113.22 | DQ63: 112.7 | DR63: 112.25 | DS63: 109.94 | DT63: 114.67 | DU63: 115.61 | DV63: 116.12 | DW63: 119.83 | DX63: 122.51 | DY63: 128.36 | DZ63: 128.01 | EA63: 127.85 | EB63: 129.16 | EC63: 134.33 | ED63: 133.8 | EE63: 132.62 | EF63: 130.96 | EG63: 129.13 | EH63: 130.41 | EI63: 130.07 | EJ63: 127.89 | EK63: 128.59 | EL63: 129.8 | EM63: 128.6 | EN63: 127.94 | EO63: 127.64 | EP63: 128.42 | EQ63: 128.79 | ER63: 126.21 | ES63: 125.51 | ET63: 122.93 | EU63: 124.14 | EV63: 120.72 | EW63: 121.03 | EX63: 119.31 | EY63: 119.03 | EZ63: 124.17 | FA63: 130 | FB63: 133.43 | FC63: 134.53 | FD63: 138.79 | FE63: 147.39 | FF63: 149.22 | FG63: 151.37 | FH63: 156.29 | FI63: 157.1 | FJ63: 156.89 | FK63: 157.77 | FL63: 164.21 | FM63: 167.98 | FN63: 174.31 | FO63: 163.78 | FP63: 149.31 | FR63: Average
A64: 100 Japanese Yen | DF64: 93.18 | DG64: 90.89 | DH64: 90.26 | DI64: 90.59 | DJ64: 91.9 | DK64: 94.1 | DL64: 95.35 | DM64: 97.12 | DN64: 96.68 | DO64: 95.88 | DP64: 94.09 | DQ64: 93 | DR64: 92.47 | DS64: 91.58 | DT64: 96.37 | DU64: 98.78 | DV64: 99.55 | DW64: 98.92 | DX64: 100.34 | DY64: 102.45 | DZ64: 102.68 | EA64: 103.22 | EB64: 104.65 | EC64: 106.55 | ED64: 105.9 | EE64: 104.12 | EF64: 101.2 | EG64: 99.03 | EH64: 98.43 | EI64: 97.99 | EJ64: 98 | EK64: 99.47 | EL64: 100.04 | EM64: 98.03 | EN64: 98.12 | EO64: 99.2 | EP64: 98.63 | EQ64: 98.69 | ER64: 96.64 | ES64: 91.83 | ET64: 90.29 | EU64: 87.58 | EV64: 86.57 | EW64: 88.51 | EX64: 84.26 | EY64: 82.32 | EZ64: 85.6 | FA64: 90.91 | FB64: 95.05 | FC64: 94.66 | FD64: 96.95 | FE64: 100.71 | FF64: 100.14 | FG64: 99.12 | FH64: 100.16 | FI64: 99.45 | FJ64: 99.46 | FK64: 99.86 | FL64: 101.48 | FM64: 106.77 | FN64: 109.4 | FO64: 101.58 | FP64: 91.77 | FR64: Average
A65: 1 SA Rand | DF65: 7.29 | DG65: 7.27 | DH65: 6.87 | DI65: 7.13 | DJ65: 7.02 | DK65: 6.95 | DL65: 7.35 | DM65: 6.83 | DN65: 6.99 | DO65: 6.94 | DP65: 6.91 | DQ65: 7 | DR65: 7.03 | DS65: 6.72 | DT65: 6.29 | DU65: 5.74 | DV65: 5.87 | DW65: 6.22 | DX65: 6.39 | DY65: 6.46 | DZ65: 6.48 | EA65: 6.59 | EB65: 7.01 | EC65: 7.41 | ED65: 7.26 | EE65: 7.41 | EF65: 7.32 | EG65: 7.49 | EH65: 7.63 | EI65: 7.76 | EJ65: 7.45 | EK65: 7.39 | EL65: 7.57 | EM65: 7.44 | EN65: 7.23 | EO65: 7.1 | EP65: 7.31 | EQ65: 7.45 | ER65: 7.94 | ES65: 7.73 | ET65: 7.33 | EU65: 7.44 | EV65: 7.03 | EW65: 7.16 | EX65: 6.87 | EY65: 6.69 | EZ65: 6.96 | FA65: 7.12 | FB65: 7.25 | FC65: 7.03 | FD65: 7.09 | FE65: 7.4 | FF65: 7.22 | FG65: 7.46 | FH65: 7.76 | FI65: 7.69 | FJ65: 7.74 | FK65: 7.83 | FL65: 8.2 | FM65: 8.26 | FN65: 8.5 | FO65: 7.99 | FP65: 7.27 | FR65: Average
A66: USHS/KES | DF66: 36.45 | DG66: 36.64 | DH66: 36.92 | DI66: 36.97 | DJ66: 37.22 | DK66: 36.72 | DL66: 35.84 | DM66: 35.76 | DN66: 35.41 | DO66: 35.65 | DP66: 36.12 | DQ66: 36.2 | DR66: 36.41 | DS66: 36.45 | DT66: 36.33 | DU66: 35.56 | DV66: 35.54 | DW66: 35.13 | DX66: 34.53 | DY66: 34.02 | DZ66: 34.08 | EA66: 34.22 | EB66: 33.97 | EC66: 33.16 | ED66: 33.61 | EE66: 33.43 | EF66: 33.38 | EG66: 33.59 | EH66: 33.09 | EI66: 32.84 | EJ66: 32.84 | EK66: 32.39 | EL66: 32.07 | EM66: 32.28 | EN66: 31.74 | EO66: 31.49 | EP66: 31.13 | EQ66: 30.92 | ER66: 31.39 | ES66: 30.68 | ET66: 31.24 | EU66: 31.91 | EV66: 32.04 | EW66: 32.08 | EX66: 31.76 | EY66: 31.61 | EZ66: 30.85 | FA66: 30.01 | FB66: 29.79 | FC66: 29.36 | FD66: 28.84 | FE66: 27.87 | FF66: 27.18 | FG66: 26.54 | FH66: 25.93 | FI66: 25.61 | FJ66: 25.48 | FK66: 25.13 | FL66: 24.89 | FM66: 24.54 | FN66: 23.84 | FO66: 25.58 | FP66: 28.4 | FR66: Average
A67: TSHS/KES | DF67: 22.72 | DG67: 23.23 | DH67: 23.36 | DI67: 22.88 | DJ67: 22.75 | DK67: 22.61 | DL67: 22.3 | DM67: 22.26 | DN67: 22.15 | DO67: 22.19 | DP67: 22.49 | DQ67: 22.6 | DR67: 22.79 | DS67: 22.91 | DT67: 22.23 | DU67: 21.75 | DV67: 21.7 | DW67: 21.76 | DX67: 21.62 | DY67: 21.42 | DZ67: 21.4 | EA67: 21.35 | EB67: 21.23 | EC67: 20.97 | ED67: 21.11 | EE67: 21.14 | EF67: 21.13 | EG67: 21.48 | EH67: 21.59 | EI67: 21.51 | EJ67: 21.44 | EK67: 21.23 | EL67: 21.04 | EM67: 20.78 | EN67: 20.57 | EO67: 20.4 | EP67: 20.33 | EQ67: 20.35 | ER67: 20.27 | ES67: 20.13 | ET67: 20 | EU67: 19.87 | EV67: 19.71 | EW67: 19.52 | EX67: 19.36 | EY67: 19.27 | EZ67: 19.13 | FA67: 18.98 | FB67: 18.85 | FC67: 18.64 | FD67: 18.04 | FE67: 17.45 | FF67: 17.18 | FG67: 17.08 | FH67: 17.26 | FI67: 17.31 | FJ67: 17.04 | FK67: 16.76 | FL67: 16.46 | FM67: 16.28 | FN67: 15.79 | FO67: 16.8 | FP67: 18.6 | FR67: Average

Sheet Monthly Growth rate
A2: Selected Indicators | B2: 40909 | C2: 40940 | D2: 40969 | E2: 41000 | F2: 41030 | G2: 41061 | H2: 41091 | I2: 41122 | J2: 41153 | K2: 41183 | L2: 41214 | M2: 41244 | N2: 41275 | O2: 41306 | P2: 41334 | Q2: 41365 | R2: 41395 | S2: 41426 | T2: 41456 | U2: 41487 | V2: 41518 | W2: 41548 | X2: 41579 | Y2: 41609 | Z2: 41640 | AA2: 41671 | AB2: 41699 | AC2: 41730 | AD2: 41760 | AE2: 41791 | AF2: 41821 | AG2: 41852 | AH2: 41883 | AI2: 41913 | AJ2: 41944 | AK2: 41974 | AL2: 42005 | AM2: 42036 | AN2: 42064 | AO2: 42095 | AP2: 42125 | AQ2: 42156 | AR2: 42186 | AS2: 42217 | AT2: 42248 | AU2: 42278 | AV2: 42309 | AW2: 42339 | AX2: 42370 | AY2: 42401 | AZ2: 42430 | BA2: 42461 | BB2: 42491 | BC2: 42522 | BD2: 42552 | BE2: 42583 | BF2: 42614 | BG2: 42644 | BH2: 42675 | BI2: 42705 | BJ2: 42736 | BK2: 42767 | BL2: 42795 | BM2: 42826 | BN2: 42856 | BO2: 42887 | BP2: 42917 | BQ2: 42948 | BR2: 42979 | BS2: 43009 | BT2: 43040 | BU2: 43070 | BV2: 43101 | BW2: 43132 | BX2: 43160 | BY2: 43191 | BZ2: 43221 | CA2: 43252 | CB2: 43282 | CC2: 43313 | CD2: 43344 | CE2: 43374 | CF2: 43405 | CG2: 43435 | CH2: 43466 | CI2: 43497 | CJ2: 43525 | CK2: 43556 | CL2: 43586 | CM2: 43617 | CN2: 43647 | CO2: 43678 | CP2: 43709 | CQ2: 43739 | CR2: 43770 | CS2: 43800 | CT2: 43831 | CU2: 43862 | CV2: 43891 | CW2: 43922 | CX2: 43952 | CY2: 43983 | CZ2: 44013 | DA2: 44044 | DB2: 44075 | DC2: 44105 | DD2: 44136 | DE2: 44166 | DF2: 44197 | DG2: 44228 | DH2: 44256 | DI2: 44287 | DJ2: 44317 | DK2: 44348 | DL2: 44378 | DM2: 44409 | DN2: 44440 | DO2: 44470 | DP2: 44501 | DQ2: 44531 | DR2: 44562 | DS2: 44593 | DT2: 44621 | DU2: 44652 | DV2: 44682 | DW2: 44713 | DX2: 44743 | DY2: 44774 | DZ2: 44805 | EA2: 44835 | EB2: 44866 | EC2: 44896 | ED2: 44927 | EE2: 44958 | EF2: 44986 | EG2: 45017 | EH2: 45047 | EI2: 45078 | EJ2: 45108 | EK2: 45139 | EL2: 45170 | EM2: 45200 | EN2: 45231 | EO2: 45261 | EP2: 45292 | EQ2: 45323
A3: Agriculture
A4: Horticulture Exports (MT) | C4: =(Monthly!AA4-Monthly!Z4)/Monthly!Z4*100 -> 7.2084947 | D4: =(Monthly!AB4-Monthly!AA4)/Monthly!AA4*100 -> 18.149426 | E4: =(Monthly!AC4-Monthly!AB4)/Monthly!AB4*100 -> -8.2211209 | F4: =(Monthly!AD4-Monthly!AC4)/Monthly!AC4*100 -> -2.1875377 | G4: =(Monthly!AE4-Monthly!AD4)/Monthly!AD4*100 -> -10.311918 | H4: =(Monthly!AF4-Monthly!AE4)/Monthly!AE4*100 -> 13.605438 | I4: =(Monthly!AG4-Monthly!AF4)/Monthly!AF4*100 -> -8.530273 | J4: =(Monthly!AH4-Monthly!AG4)/Monthly!AG4*100 -> 4.0128805 | ... Z4: =(Monthly!AX4-Monthly!AW4)/Monthly!AW4*100 -> -100 | ES4: Addition
A5: Horticulture Exports (Ksh. Million) | C5: =(Monthly!AA5-Monthly!Z5)/Monthly!Z5*100 -> -22.87572 | D5: =(Monthly!AB5-Monthly!AA5)/Monthly!AA5*100 -> -3.1342462 | E5: =(Monthly!AC5-Monthly!AB5)/Monthly!AB5*100 -> -3.0376522 | F5: =(Monthly!AD5-Monthly!AC5)/Monthly!AC5*100 -> -4.8187431 | G5: =(Monthly!AE5-Monthly!AD5)/Monthly!AD5*100 -> 3.5658451 | H5: =(Monthly!AF5-Monthly!AE5)/Monthly!AE5*100 -> 25.474546 | I5: =(Monthly!AG5-Monthly!AF5)/Monthly!AF5*100 -> -25.443795 | J5: =(Monthly!AH5-Monthly!AG5)/Monthly!AG5*100 -> 29.892023 | ... Z5: =(Monthly!AX5-Monthly!AW5)/Monthly!AW5*100 -> -100 | ES5: Addition
A6: Cut Flowers Exports (MT) | C6: =(Monthly!AA6-Monthly!Z6)/Monthly!Z6*100 -> 10.971333 | D6: =(Monthly!AB6-Monthly!AA6)/Monthly!AA6*100 -> 0.50361417 | E6: =(Monthly!AC6-Monthly!AB6)/Monthly!AB6*100 -> -10.663405 | F6: =(Monthly!AD6-Monthly!AC6)/Monthly!AC6*100 -> 1.1910916 | G6: =(Monthly!AE6-Monthly!AD6)/Monthly!AD6*100 -> -23.287105 | H6: =(Monthly!AF6-Monthly!AE6)/Monthly!AE6*100 -> 3.39605 | I6: =(Monthly!AG6-Monthly!AF6)/Monthly!AF6*100 -> 6.4963894 | J6: =(Monthly!AH6-Monthly!AG6)/Monthly!AG6*100 -> 8.7094699 | ... EQ6: =(Monthly!FO6-Monthly!FN6)/Monthly!FN6*100 -> #DIV/0! | ES6: Addition
A7: Cut Flowers Exports (Ksh Million) | C7: =(Monthly!AA7-Monthly!Z7)/Monthly!Z7*100 -> -25.998146 | D7: =(Monthly!AB7-Monthly!AA7)/Monthly!AA7*100 -> -12.615713 | E7: =(Monthly!AC7-Monthly!AB7)/Monthly!AB7*100 -> -9.9385794 | F7: =(Monthly!AD7-Monthly!AC7)/Monthly!AC7*100 -> 1.1310981 | G7: =(Monthly!AE7-Monthly!AD7)/Monthly!AD7*100 -> -16.060058 | H7: =(Monthly!AF7-Monthly!AE7)/Monthly!AE7*100 -> 49.400963 | I7: =(Monthly!AG7-Monthly!AF7)/Monthly!AF7*100 -> -31.244847 | J7: =(Monthly!AH7-Monthly!AG7)/Monthly!AG7*100 -> 52.297253 | ... EQ7: =(Monthly!FO7-Monthly!FN7)/Monthly!FN7*100 -> #DIV/0! | ES7: Addition
A8: Fruits Exports (MT) | C8: =(Monthly!AA8-Monthly!Z8)/Monthly!Z8*100 -> 47.460358 | D8: =(Monthly!AB8-Monthly!AA8)/Monthly!AA8*100 -> 54.242252 | E8: =(Monthly!AC8-Monthly!AB8)/Monthly!AB8*100 -> -19.880406 | F8: =(Monthly!AD8-Monthly!AC8)/Monthly!AC8*100 -> -12.274062 | G8: =(Monthly!AE8-Monthly!AD8)/Monthly!AD8*100 -> 35.550986 | H8: =(Monthly!AF8-Monthly!AE8)/Monthly!AE8*100 -> 43.925873 | I8: =(Monthly!AG8-Monthly!AF8)/Monthly!AF8*100 -> -24.028108 | J8: =(Monthly!AH8-Monthly!AG8)/Monthly!AG8*100 -> -35.226747 | ... EQ8: =(Monthly!FO8-Monthly!FN8)/Monthly!FN8*100 -> #DIV/0! | ES8: Addition
A9: Fruits Exports (Ksh Million) | C9: =(Monthly!AA9-Monthly!Z9)/Monthly!Z9*100 -> 23.253442 | D9: =(Monthly!AB9-Monthly!AA9)/Monthly!AA9*100 -> 34.836574 | E9: =(Monthly!AC9-Monthly!AB9)/Monthly!AB9*100 -> -9.5121203 | F9: =(Monthly!AD9-Monthly!AC9)/Monthly!AC9*100 -> 16.446253 | G9: =(Monthly!AE9-Monthly!AD9)/Monthly!AD9*100 -> 46.447292 | H9: =(Monthly!AF9-Monthly!AE9)/Monthly!AE9*100 -> 42.433883 | I9: =(Monthly!AG9-Monthly!AF9)/Monthly!AF9*100 -> 12.746056 | J9: =(Monthly!AH9-Monthly!AG9)/Monthly!AG9*100 -> -50.829619 | ... EQ9: =(Monthly!FO9-Monthly!FN9)/Monthly!FN9*100 -> #DIV/0! | ES9: Addition
A10: Vegetables Exports (MT) | C10: =(Monthly!AA10-Monthly!Z10)/Monthly!Z10*100 -> -15.315336 | D10: =(Monthly!AB10-Monthly!AA10)/Monthly!AA10*100 -> 44.565665 | E10: =(Monthly!AC10-Monthly!AB10)/Monthly!AB10*100 -> 4.3246018 | F10: =(Monthly!AD10-Monthly!AC10)/Monthly!AC10*100 -> -2.5892385 | G10: =(Monthly!AE10-Monthly!AD10)/Monthly!AD10*100 -> -9.2592593 | H10: =(Monthly!AF10-Monthly!AE10)/Monthly!AE10*100 -> 7.4479489 | I10: =(Monthly!AG10-Monthly!AF10)/Monthly!AF10*100 -> -15.181398 | J10: =(Monthly!AH10-Monthly!AG10)/Monthly!AG10*100 -> 28.382719 | ... EQ10: =(Monthly!FO10-Monthly!FN10)/Monthly!FN10*100 -> #DIV/0! | ES10: Addition
A11: Vegetables Exports (Ksh Million) | C11: =(Monthly!AA11-Monthly!Z11)/Monthly!Z11*100 -> -12.460531 | D11: =(Monthly!AB11-Monthly!AA11)/Monthly!AA11*100 -> 33.394915 | E11: =(Monthly!AC11-Monthly!AB11)/Monthly!AB11*100 -> 19.620128 | F11: =(Monthly!AD11-Monthly!AC11)/Monthly!AC11*100 -> -22.080715 | G11: =(Monthly!AE11-Monthly!AD11)/Monthly!AD11*100 -> 52.23944 | H11: =(Monthly!AF11-Monthly!AE11)/Monthly!AE11*100 -> -18.209704 | I11: =(Monthly!AG11-Monthly!AF11)/Monthly!AF11*100 -> -23.394704 | J11: =(Monthly!AH11-Monthly!AG11)/Monthly!AG11*100 -> 17.261331 | ... EQ11: =(Monthly!FO11-Monthly!FN11)/Monthly!FN11*100 -> #DIV/0! | ES11: Addition
A12: Coffee Exports (MT) | C12: =(Monthly!AA12-Monthly!Z12)/Monthly!Z12*100 -> 18.563532 | D12: =(Monthly!AB12-Monthly!AA12)/Monthly!AA12*100 -> 38.192475 | E12: =(Monthly!AC12-Monthly!AB12)/Monthly!AB12*100 -> -8.7671881 | F12: =(Monthly!AD12-Monthly!AC12)/Monthly!AC12*100 -> 6.4742134 | G12: =(Monthly!AE12-Monthly!AD12)/Monthly!AD12*100 -> -0.74534414 | H12: =(Monthly!AF12-Monthly!AE12)/Monthly!AE12*100 -> 17.189802 | I12: =(Monthly!AG12-Monthly!AF12)/Monthly!AF12*100 -> -21.711801 | J12: =(Monthly!AH12-Monthly!AG12)/Monthly!AG12*100 -> -1.4005977 | ... EQ12: =(Monthly!FO12-Monthly!FN12)/Monthly!FN12*100 -> 2.2123762 | ES12: Addition
A13: Coffee Export (Ksh Million) | C13: =(Monthly!AA13-Monthly!Z13)/Monthly!Z13*100 -> 33.273715 | D13: =(Monthly!AB13-Monthly!AA13)/Monthly!AA13*100 -> 31.640343 | E13: =(Monthly!AC13-Monthly!AB13)/Monthly!AB13*100 -> -7.1243726 | F13: =(Monthly!AD13-Monthly!AC13)/Monthly!AC13*100 -> -3.9726432 | G13: =(Monthly!AE13-Monthly!AD13)/Monthly!AD13*100 -> -7.7552097 | H13: =(Monthly!AF13-Monthly!AE13)/Monthly!AE13*100 -> 14.236012 | I13: =(Monthly!AG13-Monthly!AF13)/Monthly!AF13*100 -> -28.574409 | J13: =(Monthly!AH13-Monthly!AG13)/Monthly!AG13*100 -> -6.7640187 | ... EQ13: =(Monthly!FO13-Monthly!FN13)/Monthly!FN13*100 -> 1.0420809 | ES13: Addition
A14: Tea Export (MT) | C14: =(Monthly!AA14-Monthly!Z14)/Monthly!Z14*100 -> 6.4287652 | D14: =(Monthly!AB14-Monthly!AA14)/Monthly!AA14*100 -> -16.931873 | E14: =(Monthly!AC14-Monthly!AB14)/Monthly!AB14*100 -> -14.270963 | F14: =(Monthly!AD14-Monthly!AC14)/Monthly!AC14*100 -> -6.5490019 | G14: =(Monthly!AE14-Monthly!AD14)/Monthly!AD14*100 -> 16.310789 | H14: =(Monthly!AF14-Monthly!AE14)/Monthly!AE14*100 -> -3.7505661 | I14: =(Monthly!AG14-Monthly!AF14)/Monthly!AF14*100 -> 10.486056 | J14: =(Monthly!AH14-Monthly!AG14)/Monthly!AG14*100 -> -0.99237971 | ... EQ14: =(Monthly!FO14-Monthly!FN14)/Monthly!FN14*100 -> 15.34761 | ES14: Addition
A15: Tea Export (Ksh Million) | C15: =(Monthly!AA15-Monthly!Z15)/Monthly!Z15*100 -> 3.1974832 | D15: =(Monthly!AB15-Monthly!AA15)/Monthly!AA15*100 -> -17.104467 | E15: =(Monthly!AC15-Monthly!AB15)/Monthly!AB15*100 -> -13.494016 | F15: =(Monthly!AD15-Monthly!AC15)/Monthly!AC15*100 -> -4.5311134 | G15: =(Monthly!AE15-Monthly!AD15)/Monthly!AD15*100 -> 20.557935 | H15: =(Monthly!AF15-Monthly!AE15)/Monthly!AE15*100 -> 0.5456745 | I15: =(Monthly!AG15-Monthly!AF15)/Monthly!AF15*100 -> 12.612959 | J15: =(Monthly!AH15-Monthly!AG15)/Monthly!AG15*100 -> -0.30347806 | ... EQ15: =(Monthly!FO15-Monthly!FN15)/Monthly!FN15*100 -> 11.836366 | ES15: Addition
A16: Cane Deliveries ('000 Metric Tonnes) | C16: =(Monthly!AA16-Monthly!Z16)/Monthly!Z16*100 -> #DIV/0! | D16: =(Monthly!AB16-Monthly!AA16)/Monthly!AA16*100 -> #DIV/0! | E16: =(Monthly!AC16-Monthly!AB16)/Monthly!AB16*100 -> #DIV/0! | F16: =(Monthly!AD16-Monthly!AC16)/Monthly!AC16*100 -> #DIV/0! | G16: =(Monthly!AE16-Monthly!AD16)/Monthly!AD16*100 -> #DIV/0! | H16: =(Monthly!AF16-Monthly!AE16)/Monthly!AE16*100 -> #DIV/0! | I16: =(Monthly!AG16-Monthly!AF16)/Monthly!AF16*100 -> #DIV/0! | J16: =(Monthly!AH16-Monthly!AG16)/Monthly!AG16*100 -> #DIV/0! | ... EQ16: =(Monthly!FO16-Monthly!FN16)/Monthly!FN16*100 -> 5.9550672 | ES16: Addition
A17: Average Monthly Retail Prices for Dry Maize (per Kg) | C17: =(Monthly!AA17-Monthly!Z17)/Monthly!Z17*100 -> #DIV/0! | D17: =(Monthly!AB17-Monthly!AA17)/Monthly!AA17*100 -> #DIV/0! | E17: =(Monthly!AC17-Monthly!AB17)/Monthly!AB17*100 -> #DIV/0! | F17: =(Monthly!AD17-Monthly!AC17)/Monthly!AC17*100 -> #DIV/0! | G17: =(Monthly!AE17-Monthly!AD17)/Monthly!AD17*100 -> #DIV/0! | H17: =(Monthly!AF17-Monthly!AE17)/Monthly!AE17*100 -> #DIV/0! | I17: =(Monthly!AG17-Monthly!AF17)/Monthly!AF17*100 -> #DIV/0! | J17: =(Monthly!AH17-Monthly!AG17)/Monthly!AG17*100 -> #DIV/0! | ... EQ17: =(Monthly!FO17-Monthly!FN17)/Monthly!FN17*100 -> -6.5250379 | ES17: Average
A18: Average Monthly Retail Prices for Dry Beans (per Kg) | C18: =(Monthly!AA18-Monthly!Z18)/Monthly!Z18*100 -> #DIV/0! | D18: =(Monthly!AB18-Monthly!AA18)/Monthly!AA18*100 -> #DIV/0! | E18: =(Monthly!AC18-Monthly!AB18)/Monthly!AB18*100 -> #DIV/0! | F18: =(Monthly!AD18-Monthly!AC18)/Monthly!AC18*100 -> #DIV/0! | G18: =(Monthly!AE18-Monthly!AD18)/Monthly!AD18*100 -> #DIV/0! | H18: =(Monthly!AF18-Monthly!AE18)/Monthly!AE18*100 -> #DIV/0! | I18: =(Monthly!AG18-Monthly!AF18)/Monthly!AF18*100 -> #DIV/0! | J18: =(Monthly!AH18-Monthly!AG18)/Monthly!AG18*100 -> #DIV/0! | ... EQ18: =(Monthly!FO18-Monthly!FN18)/Monthly!FN18*100 -> -1.965602 | ES18: Average
A19: Manufacturing, Building and Construction
A20: Sugar Production (MT) | C20: =(Monthly!AA20-Monthly!Z20)/Monthly!Z20*100 -> -8.1185471 | D20: =(Monthly!AB20-Monthly!AA20)/Monthly!AA20*100 -> 5.7841552 | E20: =(Monthly!AC20-Monthly!AB20)/Monthly!AB20*100 -> -14.19128 | F20: =(Monthly!AD20-Monthly!AC20)/Monthly!AC20*100 -> -10.028054 | G20: =(Monthly!AE20-Monthly!AD20)/Monthly!AD20*100 -> 11.633259 | H20: =(Monthly!AF20-Monthly!AE20)/Monthly!AE20*100 -> -7.7675068 | I20: =(Monthly!AG20-Monthly!AF20)/Monthly!AF20*100 -> -10.933256 | J20: =(Monthly!AH20-Monthly!AG20)/Monthly!AG20*100 -> -12.291543 | ... EQ20: =(Monthly!FO20-Monthly!FN20)/Monthly!FN20*100 -> 3.9469347 | ES20: Addition
A21: Milk Intake (Million Litres) | C21: =(Monthly!AA21-Monthly!Z21)/Monthly!Z21*100 -> -27.692308 | D21: =(Monthly!AB21-Monthly!AA21)/Monthly!AA21*100 -> -12.158055 | E21: =(Monthly!AC21-Monthly!AB21)/Monthly!AB21*100 -> -10.034602 | F21: =(Monthly!AD21-Monthly!AC21)/Monthly!AC21*100 -> 43.461538 | G21: =(Monthly!AE21-Monthly!AD21)/Monthly!AD21*100 -> 23.86059 | H21: =(Monthly!AF21-Monthly!AE21)/Monthly!AE21*100 -> -5.8441558 | I21: =(Monthly!AG21-Monthly!AF21)/Monthly!AF21*100 -> 4.5977011 | J21: =(Monthly!AH21-Monthly!AG21)/Monthly!AG21*100 -> -0.65934066 | ... EQ21: =(Monthly!FO21-Monthly!FN21)/Monthly!FN21*100 -> -3.7811746 | ES21: Addition
A22: Cement Production (MT) | C22: =(Monthly!AA22-Monthly!Z22)/Monthly!Z22*100 -> 7.939763 | D22: =(Monthly!AB22-Monthly!AA22)/Monthly!AA22*100 -> 4.9031187 | E22: =(Monthly!AC22-Monthly!AB22)/Monthly!AB22*100 -> -9.1859379 | F22: =(Monthly!AD22-Monthly!AC22)/Monthly!AC22*100 -> 5.6820325 | G22: =(Monthly!AE22-Monthly!AD22)/Monthly!AD22*100 -> 4.1795048 | H22: =(Monthly!AF22-Monthly!AE22)/Monthly!AE22*100 -> 0.37964384 | I22: =(Monthly!AG22-Monthly!AF22)/Monthly!AF22*100 -> 0.35511898 | J22: =(Monthly!AH22-Monthly!AG22)/Monthly!AG22*100 -> -4.4344079 | ... EQ22: =(Monthly!FO22-Monthly!FN22)/Monthly!FN22*100 -> #DIV/0! | ES22: Addition
A23: Cement Consumption | C23: =(Monthly!AA23-Monthly!Z23)/Monthly!Z23*100 -> 21.327697 | D23: =(Monthly!AB23-Monthly!AA23)/Monthly!AA23*100 -> -0.62634715 | E23: =(Monthly!AC23-Monthly!AB23)/Monthly!AB23*100 -> -5.9836897 | F23: =(Monthly!AD23-Monthly!AC23)/Monthly!AC23*100 -> 0.28643918 | G23: =(Monthly!AE23-Monthly!AD23)/Monthly!AD23*100 -> 6.4183961 | H23: =(Monthly!AF23-Monthly!AE23)/Monthly!AE23*100 -> 2.4073523 | I23: =(Monthly!AG23-Monthly!AF23)/Monthly!AF23*100 -> 0.77706459 | J23: =(Monthly!AH23-Monthly!AG23)/Monthly!AG23*100 -> -5.0024124 | ... EQ23: =(Monthly!FO23-Monthly!FN23)/Monthly!FN23*100 -> #DIV/0! | ES23: Addition
A24: Soft drinks Production ('000 Litres) | C24: =(Monthly!AA24-Monthly!Z24)/Monthly!Z24*100 -> -6.7255296 | D24: =(Monthly!AB24-Monthly!AA24)/Monthly!AA24*100 -> 16.726546 | E24: =(Monthly!AC24-Monthly!AB24)/Monthly!AB24*100 -> -21.497203 | F24: =(Monthly!AD24-Monthly!AC24)/Monthly!AC24*100 -> -16.951348 | G24: =(Monthly!AE24-Monthly!AD24)/Monthly!AD24*100 -> 12.447145 | H24: =(Monthly!AF24-Monthly!AE24)/Monthly!AE24*100 -> -19.415136 | I24: =(Monthly!AG24-Monthly!AF24)/Monthly!AF24*100 -> 10.805056 | J24: =(Monthly!AH24-Monthly!AG24)/Monthly!AG24*100 -> 27.209911 | ... EQ24: =(Monthly!FO24-Monthly!FN24)/Monthly!FN24*100 -> #DIV/0! | ES24: Addition
A25: Production of Assembled Vehicles | C25: =(Monthly!AA25-Monthly!Z25)/Monthly!Z25*100 -> 51.937984 | D25: =(Monthly!AB25-Monthly!AA25)/Monthly!AA25*100 -> -48.469388 | E25: =(Monthly!AC25-Monthly!AB25)/Monthly!AB25*100 -> 96.039604 | F25: =(Monthly!AD25-Monthly!AC25)/Monthly!AC25*100 -> 10.10101 | G25: =(Monthly!AE25-Monthly!AD25)/Monthly!AD25*100 -> -10.091743 | H25: =(Monthly!AF25-Monthly!AE25)/Monthly!AE25*100 -> -3.0612245 | I25: =(Monthly!AG25-Monthly!AF25)/Monthly!AF25*100 -> 3.1578947 | J25: =(Monthly!AH25-Monthly!AG25)/Monthly!AG25*100 -> 1.5306122 | ... EQ25: =(Monthly!FO25-Monthly!FN25)/Monthly!FN25*100 -> #DIV/0! | ES25: Addition
A26: Galvanized sheets Production (MT) | C26: =(Monthly!AA26-Monthly!Z26)/Monthly!Z26*100 -> -14.319965 | D26: =(Monthly!AB26-Monthly!AA26)/Monthly!AA26*100 -> 9.4225388 | E26: =(Monthly!AC26-Monthly!AB26)/Monthly!AB26*100 -> -2.8595341 | F26: =(Monthly!AD26-Monthly!AC26)/Monthly!AC26*100 -> 6.2464101 | G26: =(Monthly!AE26-Monthly!AD26)/Monthly!AD26*100 -> -22.602153 | H26: =(Monthly!AF26-Monthly!AE26)/Monthly!AE26*100 -> 24.627474 | I26: =(Monthly!AG26-Monthly!AF26)/Monthly!AF26*100 -> 7.6082388 | J26: =(Monthly!AH26-Monthly!AG26)/Monthly!AG26*100 -> 0.98958333 | ... EQ26: =(Monthly!FO26-Monthly!FN26)/Monthly!FN26*100 -> #DIV/0! | ES26: Addition
A27: Energy
A28: Hydropower Generation (KWh Million) | C28: =(Monthly!AA28-Monthly!Z28)/Monthly!Z28*100 -> 0.64030589 | D28: =(Monthly!AB28-Monthly!AA28)/Monthly!AA28*100 -> -11.801954 | E28: =(Monthly!AC28-Monthly!AB28)/Monthly!AB28*100 -> -6.7076923 | F28: =(Monthly!AD28-Monthly!AC28)/Monthly!AC28*100 -> 18.502639 | G28: =(Monthly!AE28-Monthly!AD28)/Monthly!AD28*100 -> 5.6838915 | H28: =(Monthly!AF28-Monthly!AE28)/Monthly!AE28*100 -> 4.8544257 | I28: =(Monthly!AG28-Monthly!AF28)/Monthly!AF28*100 -> -3.02506 | J28: =(Monthly!AH28-Monthly!AG28)/Monthly!AG28*100 -> -3.9625899 | ... EQ28: =(Monthly!FO28-Monthly!FN28)/Monthly!FN28*100 -> 2.8093199 | ES28: Addition
A29: Geothermal Generation (KWh Million) | C29: =(Monthly!AA29-Monthly!Z29)/Monthly!Z29*100 -> -2.4583787 | D29: =(Monthly!AB29-Monthly!AA29)/Monthly!AA29*100 -> 6.8671239 | E29: =(Monthly!AC29-Monthly!AB29)/Monthly!AB29*100 -> -7.261736 | F29: =(Monthly!AD29-Monthly!AC29)/Monthly!AC29*100 -> 6.1966844 | G29: =(Monthly!AE29-Monthly!AD29)/Monthly!AD29*100 -> -2.3643528 | H29: =(Monthly!AF29-Monthly!AE29)/Monthly!AE29*100 -> -7.4821484 | I29: =(Monthly!AG29-Monthly!AF29)/Monthly!AF29*100 -> 2.3238255 | J29: =(Monthly!AH29-Monthly!AG29)/Monthly!AG29*100 -> 5.1652046 | ... EQ29: =(Monthly!FO29-Monthly!FN29)/Monthly!FN29*100 -> -11.866012 | ES29: Addition
A30: Thermal Generation (KWh Million) | C30: =(Monthly!AA30-Monthly!Z30)/Monthly!Z30*100 -> -5.8499615 | D30: =(Monthly!AB30-Monthly!AA30)/Monthly!AA30*100 -> 21.784793 | E30: =(Monthly!AC30-Monthly!AB30)/Monthly!AB30*100 -> -9.5584818 | F30: =(Monthly!AD30-Monthly!AC30)/Monthly!AC30*100 -> -9.0327738 | G30: =(Monthly!AE30-Monthly!AD30)/Monthly!AD30*100 -> -7.5445644 | H30: =(Monthly!AF30-Monthly!AE30)/Monthly!AE30*100 -> 14.093686 | I30: =(Monthly!AG30-Monthly!AF30)/Monthly!AF30*100 -> 4.4805427 | J30: =(Monthly!AH30-Monthly!AG30)/Monthly!AG30*100 -> -5.6438294 | ... EQ30: =(Monthly!FO30-Monthly!FN30)/Monthly!FN30*100 -> -17.738555 | ES30: Addition
A31: Wind Generation (KWh Million) | C31: 0 | D31: 0 | E31: 0 | F31: 0 | G31: 0 | H31: 0 | I31: 0 | J31: 0 | K31: 0 | L31: 0 | M31: 0 | N31: 0 | O31: 0 | P31: 0 | Q31: 0 | R31: 0 | S31: 0 | T31: 0 | U31: 0 | V31: 0 | W31: 0 | X31: 0 | Y31: 0 | Z31: 0 | AA31: 0 | AB31: 0 | AC31: 0 | AD31: 0 | AE31: 0 | AF31: 0 | AG31: 0 | AH31: 0 | AI31: 0 | AJ31: 0 | AK31: 0 | AL31: 0 | AM31: 0 | AN31: 0 | AO31: 0 | AP31: 0 | AQ31: 0 | AR31: 0 | AS31: 0 | AT31: 0 | AU31: 0 | AV31: 0 | AW31: 0 | AX31: 0 | AY31: =(Monthly!BW31-Monthly!BV31)/Monthly!BV31*100 -> 34.331337 | AZ31: =(Monthly!BX31-Monthly!BW31)/Monthly!BW31*100 -> -0.29717682 | BA31: =(Monthly!BY31-Monthly!BX31)/Monthly!BX31*100 -> -37.108793 | BB31: =(Monthly!BZ31-Monthly!BY31)/Monthly!BY31*100 -> -42.654028 | BC31: =(Monthly!CA31-Monthly!BZ31)/Monthly!BZ31*100 -> -14.876033 | BD31: =(Monthly!CB31-Monthly!CA31)/Monthly!CA31*100 -> -10.679612 | BE31: =(Monthly!CC31-Monthly!CB31)/Monthly!CB31*100 -> 101.63043 | BF31: =(Monthly!CD31-Monthly!CC31)/Monthly!CC31*100 -> 1.0781671 | ... EQ31: =(Monthly!FO31-Monthly!FN31)/Monthly!FN31*100 -> 14.699185 | ES31: Addition
A32: Solar Generation (KWh Million) | C32: 0 | D32: 0 | E32: 0 | F32: 0 | G32: 0 | H32: 0 | I32: 0 | J32: 0 | K32: 0 | L32: 0 | M32: 0 | N32: 0 | O32: 0 | P32: 0 | Q32: 0 | R32: 0 | S32: 0 | T32: 0 | U32: 0 | V32: 0 | W32: 0 | X32: 0 | Y32: 0 | Z32: 0 | AA32: 0 | AB32: 0 | AC32: 0 | AD32: 0 | AE32: 0 | AF32: 0 | AG32: 0 | AH32: 0 | AI32: 0 | AJ32: 0 | AK32: 0 | AL32: 0 | AM32: 0 | AN32: 0 | AO32: 0 | AP32: 0 | AQ32: 0 | AR32: 0 | AS32: 0 | AT32: 0 | AU32: 0 | AV32: 0 | AW32: 0 | AX32: 0 | AY32: 0 | AZ32: 0 | BA32: 0 | BB32: 0 | BC32: 0 | BD32: 0 | BE32: 0 | BF32: 0 | BG32: 0 | BH32: 0 | BI32: 0 | BJ32: 0 | BK32: 0 | BL32: 0 | BM32: 0 | BN32: 0 | BO32: 0 | BP32: 0 | BQ32: 0 | BR32: 0 | BS32: 0 | BT32: 0 | BU32: 0 | BV32: 0 | BW32: 0 | BX32: 0 | BY32: 0 | BZ32: 0 | CA32: =(Monthly!CY32-Monthly!CX32)/Monthly!CX32*100 -> -50 | CB32: =(Monthly!CZ32-Monthly!CY32)/Monthly!CY32*100 -> -100 | CC32: 0 | CD32: =(Monthly!DB32-Monthly!DA32)/Monthly!DA32*100 -> 0 | CE32: =(Monthly!DC32-Monthly!DB32)/Monthly!DB32*100 -> 0 | CF32: =(Monthly!DD32-Monthly!DC32)/Monthly!DC32*100 -> 57600 | CG32: =(Monthly!DE32-Monthly!DD32)/Monthly!DD32*100 -> 35.008666 | CH32: =(Monthly!DF32-Monthly!DE32)/Monthly!DE32*100 -> 2.5673941 | CI32: =(Monthly!DG32-Monthly!DF32)/Monthly!DF32*100 -> -12.140175 | CJ32: =(Monthly!DH32-Monthly!DG32)/Monthly!DG32*100 -> 14.957265 | CK32: =(Monthly!DI32-Monthly!DH32)/Monthly!DH32*100 -> 1.4869888 | ... EQ32: =(Monthly!FO32-Monthly!FN32)/Monthly!FN32*100 -> 4.0229885 | ES32: Addition
A33: Total Consumption of Electricity (KWh Million) | C33: 0 | D33: 0 | E33: 0 | F33: 0 | G33: 0 | H33: 0 | I33: 0 | J33: 0 | K33: 0 | L33: 0 | M33: 0 | N33: 0 | O33: 0 | P33: 0 | Q33: 0 | R33: 0 | S33: 0 | T33: 0 | U33: 0 | V33: 0 | W33: 0 | X33: 0 | Y33: 0 | Z33: 0 | AA33: 0 | AB33: 0 | AC33: 0 | AD33: 0 | AE33: 0 | AF33: 0 | AG33: 0 | AH33: 0 | AI33: 0 | AJ33: 0 | AK33: 0 | AL33: 0 | AM33: 0 | AN33: 0 | AO33: 0 | AP33: 0 | AQ33: 0 | AR33: 0 | AS33: 0 | AT33: 0 | AU33: 0 | AV33: 0 | AW33: 0 | AX33: 0 | AY33: 0 | AZ33: 0 | BA33: 0 | BB33: 0 | BC33: 0 | BD33: 0 | BE33: 0 | BF33: 0 | BG33: 0 | BH33: 0 | BI33: 0 | BJ33: 0 | BK33: 0 | BL33: 0 | BM33: 0 | BN33: 0 | BO33: 0 | BP33: 0 | BQ33: 0 | BR33: 0 | BS33: 0 | BT33: 0 | BU33: 0 | BV33: 0 | BW33: =(Monthly!CU33-Monthly!CT33)/Monthly!CT33*100 -> -6.9629827 | BX33: =(Monthly!CV33-Monthly!CU33)/Monthly!CU33*100 -> 7.9336235 | BY33: =(Monthly!CW33-Monthly!CV33)/Monthly!CV33*100 -> -1.8077093 | BZ33: =(Monthly!CX33-Monthly!CW33)/Monthly!CW33*100 -> 3.5071293 | CA33: =(Monthly!CY33-Monthly!CX33)/Monthly!CX33*100 -> -0.33784888 | CB33: =(Monthly!CZ33-Monthly!CY33)/Monthly!CY33*100 -> 3.5561582 | CC33: =(Monthly!DA33-Monthly!CZ33)/Monthly!CZ33*100 -> 1.7645382 | CD33: =(Monthly!DB33-Monthly!DA33)/Monthly!DA33*100 -> -4.0500156 | ... EQ33: =(Monthly!FO33-Monthly!FN33)/Monthly!FN33*100 -> -4.6303873 | ES33: Addition
A34: Murban ADNOC Crude Oil Prices (US$/ BBL) | C34: =(Monthly!AA34-Monthly!Z34)/Monthly!Z34*100 -> 5.4728546 | D34: =(Monthly!AB34-Monthly!AA34)/Monthly!AA34*100 -> 5.4379411 | E34: =(Monthly!AC34-Monthly!AB34)/Monthly!AB34*100 -> -4.5669291 | F34: =(Monthly!AD34-Monthly!AC34)/Monthly!AC34*100 -> -8.7458746 | G34: =(Monthly!AE34-Monthly!AD34)/Monthly!AD34*100 -> -11.980109 | H34: =(Monthly!AF34-Monthly!AE34)/Monthly!AE34*100 -> 4.519774 | I34: =(Monthly!AG34-Monthly!AF34)/Monthly!AF34*100 -> 9.7297297 | J34: =(Monthly!AH34-Monthly!AG34)/Monthly!AG34*100 -> 3.3587103 | ... EQ34: =(Monthly!FO34-Monthly!FN34)/Monthly!FN34*100 -> 1.4867566 | ES34: Average
A35: Kerosene (Kshs. /Litre) | C35: =(Monthly!AA35-Monthly!Z35)/Monthly!Z35*100 -> -3.8199181 | D35: =(Monthly!AB35-Monthly!AA35)/Monthly!AA35*100 -> 0.46099291 | E35: =(Monthly!AC35-Monthly!AB35)/Monthly!AB35*100 -> 2.5179433 | F35: =(Monthly!AD35-Monthly!AC35)/Monthly!AC35*100 -> 0.80339722 | G35: =(Monthly!AE35-Monthly!AD35)/Monthly!AD35*100 -> -4.3037686 | H35: =(Monthly!AF35-Monthly!AE35)/Monthly!AE35*100 -> -10.446163 | I35: =(Monthly!AG35-Monthly!AF35)/Monthly!AF35*100 -> -0.57127674 | J35: =(Monthly!AH35-Monthly!AG35)/Monthly!AG35*100 -> 7.5761625 | ... EQ35: =(Monthly!FO35-Monthly!FN35)/Monthly!FN35*100 -> -0.51292573 | ES35: Average
A36: LPG (Kshs. per 13 Kg) | C36: =(Monthly!AA36-Monthly!Z36)/Monthly!Z36*100 -> -5.645425 | D36: =(Monthly!AB36-Monthly!AA36)/Monthly!AA36*100 -> -3.0055656 | E36: =(Monthly!AC36-Monthly!AB36)/Monthly!AB36*100 -> -2.0121422 | F36: =(Monthly!AD36-Monthly!AC36)/Monthly!AC36*100 -> -0.40679766 | G36: =(Monthly!AE36-Monthly!AD36)/Monthly!AD36*100 -> -1.4244528 | H36: =(Monthly!AF36-Monthly!AE36)/Monthly!AE36*100 -> -2.7458221 | I36: =(Monthly!AG36-Monthly!AF36)/Monthly!AF36*100 -> -2.3598339 | J36: =(Monthly!AH36-Monthly!AG36)/Monthly!AG36*100 -> -0.19368363 | ... EQ36: =(Monthly!FO36-Monthly!FN36)/Monthly!FN36*100 -> 4.306646 | ES36: Average
A37: Charcoal (Kshs./Kg) | C37: =(Monthly!AA37-Monthly!Z37)/Monthly!Z37*100 -> -1.2886172 | D37: =(Monthly!AB37-Monthly!AA37)/Monthly!AA37*100 -> -0.25104603 | E37: =(Monthly!AC37-Monthly!AB37)/Monthly!AB37*100 -> 3.0201342 | F37: =(Monthly!AD37-Monthly!AC37)/Monthly!AC37*100 -> 1.6612378 | G37: =(Monthly!AE37-Monthly!AD37)/Monthly!AD37*100 -> 1.26562 | H37: =(Monthly!AF37-Monthly!AE37)/Monthly!AE37*100 -> -0.87011549 | I37: =(Monthly!AG37-Monthly!AF37)/Monthly!AF37*100 -> -0.31918289 | J37: =(Monthly!AH37-Monthly!AG37)/Monthly!AG37*100 -> 1.4089017 | ... EQ37: =(Monthly!FO37-Monthly!FN37)/Monthly!FN37*100 -> 0.74131877 | ES37: Average
A38: Premium (Kshs. per Litre) | C38: 0 | D38: =(Monthly!AB38-Monthly!AA38)/Monthly!AA38*100 -> #DIV/0! | E38: =(Monthly!AC38-Monthly!AB38)/Monthly!AB38*100 -> #DIV/0! | F38: =(Monthly!AD38-Monthly!AC38)/Monthly!AC38*100 -> #DIV/0! | G38: =(Monthly!AE38-Monthly!AD38)/Monthly!AD38*100 -> #DIV/0! | H38: =(Monthly!AF38-Monthly!AE38)/Monthly!AE38*100 -> #DIV/0! | I38: =(Monthly!AG38-Monthly!AF38)/Monthly!AF38*100 -> #DIV/0! | J38: =(Monthly!AH38-Monthly!AG38)/Monthly!AG38*100 -> #DIV/0! | K38: =(Monthly!AI38-Monthly!AH38)/Monthly!AH38*100 -> #DIV/0! | ... AK38: =(Monthly!BI38-Monthly!BH38)/Monthly!BH38*100 -> #DIV/0! | AL38: =(Monthly!BK38-Monthly!BI38)/Monthly!BI38*100 -> #DIV/0! | AM38: =(Monthly!BL38-Monthly!BK38)/Monthly!BK38*100 -> 5.5373832 | AN38: =(Monthly!BM38-Monthly!BL38)/Monthly!BL38*100 -> -0.13283153 | AO38: =(Monthly!BN38-Monthly!BM38)/Monthly!BM38*100 -> 3.923742 | AP38: =(Monthly!BO38-Monthly!BN38)/Monthly!BN38*100 -> 4.6715017 | AQ38: =(Monthly!BP38-Monthly!BO38)/Monthly!BO38*100 -> 1.3348278 | AR38: =(Monthly!BP38-Monthly!BO38)/Monthly!BO38*100 -> 1.3348278 | AS38: =(Monthly!BQ38-Monthly!BP38)/Monthly!BP38*100 -> 4.0723982 | AT38: =(Monthly!BR38-Monthly!BQ38)/Monthly!BQ38*100 -> -0.0096618357 | AU38: =(Monthly!BS38-Monthly!BR38)/Monthly!BR38*100 -> -9.0153638 | AV38: =(Monthly!BT38-Monthly!BS38)/Monthly!BS38*100 -> -2.9949023 | AW38: =(Monthly!BU38-Monthly!BT38)/Monthly!BT38*100 -> -0.43792424 | AX38: =(Monthly!BV38-Monthly!BU38)/Monthly!BU38*100 -> -1.5614691 | AY38: =(Monthly!BW38-Monthly!BV38)/Monthly!BV38*100 -> -2.3905273 | ... EQ38: =(Monthly!FO38-Monthly!FN38)/Monthly!FN38*100 -> -0.48083858 | ES38: Average
A39: Diesel Oil (Kshs. per Litre) | C39: 0 | D39: =(Monthly!AB39-Monthly!AA39)/Monthly!AA39*100 -> #DIV/0! | E39: =(Monthly!AC39-Monthly!AB39)/Monthly!AB39*100 -> #DIV/0! | F39: =(Monthly!AD39-Monthly!AC39)/Monthly!AC39*100 -> #DIV/0! | G39: =(Monthly!AE39-Monthly!AD39)/Monthly!AD39*100 -> #DIV/0! | H39: =(Monthly!AF39-Monthly!AE39)/Monthly!AE39*100 -> #DIV/0! | I39: =(Monthly!AG39-Monthly!AF39)/Monthly!AF39*100 -> #DIV/0! | J39: =(Monthly!AH39-Monthly!AG39)/Monthly!AG39*100 -> #DIV/0! | K39: =(Monthly!AI39-Monthly!AH39)/Monthly!AH39*100 -> #DIV/0! | ... EQ39: =(Monthly!FO39-Monthly!FN39)/Monthly!FN39*100 -> -0.50707368 | ES39: Average
A40: Local Generation of Electricity Imports (Million KWh) | BV40: =(Monthly!CT40-Monthly!CS40)/Monthly!CS40*100 -> #DIV/0! | BW40: =(Monthly!CU40-Monthly!CT40)/Monthly!CT40*100 -> #DIV/0! | BX40: =(Monthly!CV40-Monthly!CU40)/Monthly!CU40*100 -> #DIV/0! | BY40: =(Monthly!CW40-Monthly!CV40)/Monthly!CV40*100 -> #DIV/0! | BZ40: =(Monthly!CX40-Monthly!CW40)/Monthly!CW40*100 -> #DIV/0! | CA40: =(Monthly!CY40-Monthly!CX40)/Monthly!CX40*100 -> #DIV/0! | CB40: =(Monthly!CZ40-Monthly!CY40)/Monthly!CY40*100 -> #DIV/0! | CC40: =(Monthly!DA40-Monthly!CZ40)/Monthly!CZ40*100 -> #DIV/0! | ... EQ40: =(Monthly!FO40-Monthly!FN40)/Monthly!FN40*100 -> -4.6303422 | ES40: Average
A41: Generation of Electricity Imports to Uganda (Million KWh) | BV41: =(Monthly!CT41-Monthly!CS41)/Monthly!CS41*100 -> #DIV/0! | BW41: =(Monthly!CU41-Monthly!CT41)/Monthly!CT41*100 -> #DIV/0! | BX41: =(Monthly!CV41-Monthly!CU41)/Monthly!CU41*100 -> #DIV/0! | BY41: =(Monthly!CW41-Monthly!CV41)/Monthly!CV41*100 -> #DIV/0! | BZ41: =(Monthly!CX41-Monthly!CW41)/Monthly!CW41*100 -> #DIV/0! | CA41: =(Monthly!CY41-Monthly!CX41)/Monthly!CX41*100 -> #DIV/0! | CB41: =(Monthly!CZ41-Monthly!CY41)/Monthly!CY41*100 -> #DIV/0! | CC41: =(Monthly!DA41-Monthly!CZ41)/Monthly!CZ41*100 -> #DIV/0! | ... EQ41: =(Monthly!FO41-Monthly!FN41)/Monthly!FN41*100 -> -10.645638 | ES41: Average
A42: Generation of Electricity Imports to Ethiopia (Million KWh) | BV42: =(Monthly!CT42-Monthly!CS42)/Monthly!CS42*100 -> #DIV/0! | BW42: =(Monthly!CU42-Monthly!CT42)/Monthly!CT42*100 -> #DIV/0! | BX42: =(Monthly!CV42-Monthly!CU42)/Monthly!CU42*100 -> #DIV/0! | BY42: =(Monthly!CW42-Monthly!CV42)/Monthly!CV42*100 -> #DIV/0! | BZ42: =(Monthly!CX42-Monthly!CW42)/Monthly!CW42*100 -> #DIV/0! | CA42: =(Monthly!CY42-Monthly!CX42)/Monthly!CX42*100 -> #DIV/0! | CB42: =(Monthly!CZ42-Monthly!CY42)/Monthly!CY42*100 -> #DIV/0! | CC42: =(Monthly!DA42-Monthly!CZ42)/Monthly!CZ42*100 -> #DIV/0! | ... EQ42: =(Monthly!FO42-Monthly!FN42)/Monthly!FN42*100 -> -7.0596917 | ES42: Average
A43: Generation of Electricity Imports to Tanzania (Million KWh) | BV43: =(Monthly!CT43-Monthly!CS43)/Monthly!CS43*100 -> #DIV/0! | BW43: =(Monthly!CU43-Monthly!CT43)/Monthly!CT43*100 -> #DIV/0! | BX43: =(Monthly!CV43-Monthly!CU43)/Monthly!CU43*100 -> #DIV/0! | BY43: =(Monthly!CW43-Monthly!CV43)/Monthly!CV43*100 -> #DIV/0! | BZ43: =(Monthly!CX43-Monthly!CW43)/Monthly!CW43*100 -> #DIV/0! | CA43: =(Monthly!CY43-Monthly!CX43)/Monthly!CX43*100 -> #DIV/0! | CB43: =(Monthly!CZ43-Monthly!CY43)/Monthly!CY43*100 -> #DIV/0! | CC43: =(Monthly!DA43-Monthly!CZ43)/Monthly!CZ43*100 -> #DIV/0! | ... EQ43: =(Monthly!FO43-Monthly!FN43)/Monthly!FN43*100 -> #DIV/0! | ES43: Average
A44: Total Generation of Electricity Imports (Million KWh) | BV44: =(Monthly!CT44-Monthly!CS44)/Monthly!CS44*100 -> #DIV/0! | BW44: =(Monthly!CU44-Monthly!CT44)/Monthly!CT44*100 -> #DIV/0! | BX44: =(Monthly!CV44-Monthly!CU44)/Monthly!CU44*100 -> #DIV/0! | BY44: =(Monthly!CW44-Monthly!CV44)/Monthly!CV44*100 -> #DIV/0! | BZ44: =(Monthly!CX44-Monthly!CW44)/Monthly!CW44*100 -> #DIV/0! | CA44: =(Monthly!CY44-Monthly!CX44)/Monthly!CX44*100 -> #DIV/0! | CB44: =(Monthly!CZ44-Monthly!CY44)/Monthly!CY44*100 -> #DIV/0! | CC44: =(Monthly!DA44-Monthly!CZ44)/Monthly!CZ44*100 -> #DIV/0! | ... EQ44: =(Monthly!FO44-Monthly!FN44)/Monthly!FN44*100 -> -4.988278 | ES44: Average
A45: Total KPLC Consumption Sales (Million KWh) | BV45: =(Monthly!CT45-Monthly!CS45)/Monthly!CS45*100 -> #DIV/0! | BW45: =(Monthly!CU45-Monthly!CT45)/Monthly!CT45*100 -> #DIV/0! | BX45: =(Monthly!CV45-Monthly!CU45)/Monthly!CU45*100 -> #DIV/0! | BY45: =(Monthly!CW45-Monthly!CV45)/Monthly!CV45*100 -> #DIV/0! | BZ45: =(Monthly!CX45-Monthly!CW45)/Monthly!CW45*100 -> #DIV/0! | CA45: =(Monthly!CY45-Monthly!CX45)/Monthly!CX45*100 -> #DIV/0! | CB45: =(Monthly!CZ45-Monthly!CY45)/Monthly!CY45*100 -> #DIV/0! | CC45: =(Monthly!DA45-Monthly!CZ45)/Monthly!CZ45*100 -> #DIV/0! | ... EQ45: =(Monthly!FO45-Monthly!FN45)/Monthly!FN45*100 -> -3.1042581 | ES45: Average
A46: Consumption of Electricity Exports to Uganda (Million KWh) | BV46: =(Monthly!CT46-Monthly!CS46)/Monthly!CS46*100 -> #DIV/0! | BW46: =(Monthly!CU46-Monthly!CT46)/Monthly!CT46*100 -> #DIV/0! | BX46: =(Monthly!CV46-Monthly!CU46)/Monthly!CU46*100 -> #DIV/0! | BY46: =(Monthly!CW46-Monthly!CV46)/Monthly!CV46*100 -> #DIV/0! | BZ46: =(Monthly!CX46-Monthly!CW46)/Monthly!CW46*100 -> #DIV/0! | CA46: =(Monthly!CY46-Monthly!CX46)/Monthly!CX46*100 -> #DIV/0! | CB46: =(Monthly!CZ46-Monthly!CY46)/Monthly!CY46*100 -> #DIV/0! | CC46: =(Monthly!DA46-Monthly!CZ46)/Monthly!CZ46*100 -> #DIV/0! | ... EQ46: =(Monthly!FO46-Monthly!FN46)/Monthly!FN46*100 -> -0.8797654 | ES46: Average
A47: Consumption of Electricity Exports to Tanzania (Million KWh) | BV47: =(Monthly!CT47-Monthly!CS47)/Monthly!CS47*100 -> #DIV/0! | BW47: =(Monthly!CU47-Monthly!CT47)/Monthly!CT47*100 -> #DIV/0! | BX47: =(Monthly!CV47-Monthly!CU47)/Monthly!CU47*100 -> #DIV/0! | BY47: =(Monthly!CW47-Monthly!CV47)/Monthly!CV47*100 -> #DIV/0! | BZ47: =(Monthly!CX47-Monthly!CW47)/Monthly!CW47*100 -> #DIV/0! | CA47: =(Monthly!CY47-Monthly!CX47)/Monthly!CX47*100 -> #DIV/0! | CB47: =(Monthly!CZ47-Monthly!CY47)/Monthly!CY47*100 -> #DIV/0! | CC47: =(Monthly!DA47-Monthly!CZ47)/Monthly!CZ47*100 -> #DIV/0! | ... EQ47: =(Monthly!FO47-Monthly!FN47)/Monthly!FN47*100 -> #DIV/0! | ES47: Average
A48: ICT, Tourism and Transport
A49: Visitors Arrivals | C49: =(Monthly!AA49-Monthly!Z49)/Monthly!Z49*100 -> -5.8637439 | D49: =(Monthly!AB49-Monthly!AA49)/Monthly!AA49*100 -> -8.9565027 | E49: =(Monthly!AC49-Monthly!AB49)/Monthly!AB49*100 -> -16.823691 | F49: =(Monthly!AD49-Monthly!AC49)/Monthly!AC49*100 -> -4.3083074 | G49: =(Monthly!AE49-Monthly!AD49)/Monthly!AD49*100 -> 27.311901 | H49: =(Monthly!AF49-Monthly!AE49)/Monthly!AE49*100 -> 24.664107 | I49: =(Monthly!AG49-Monthly!AF49)/Monthly!AF49*100 -> 4.8283626 | J49: =(Monthly!AH49-Monthly!AG49)/Monthly!AG49*100 -> -18.299905 | ... EQ49: =(Monthly!FO49-Monthly!FN49)/Monthly!FN49*100 -> -100 | ES49: Addition
A50: Telecommunications Equipment Imports (Kshs.Million) | C50: 0 | D50: 0 | E50: 0 | F50: 0 | G50: 0 | H50: 0 | I50: 0 | J50: 0 | K50: 0 | L50: 0 | M50: 0 | N50: 0 | O50: 0 | P50: 0 | Q50: 0 | R50: 0 | S50: 0 | T50: 0 | U50: 0 | V50: 0 | W50: 0 | X50: 0 | Y50: 0 | Z50: 0 | AA50: 0 | AB50: 0 | AC50: 0 | AD50: 0 | AE50: 0 | AF50: 0 | AG50: 0 | AH50: 0 | AI50: 0 | AJ50: 0 | AK50: 0 | AL50: 0 | AM50: 0 | AN50: 0 | AO50: 0 | AP50: 0 | AQ50: 0 | AR50: 0 | AS50: 0 | AT50: 0 | AU50: 0 | AV50: 0 | AW50: 0 | AX50: 0 | AY50: 0 | AZ50: 0 | BA50: 0 | BB50: 0 | BC50: 0 | BD50: 0 | BE50: 0 | BF50: 0 | BG50: 0 | BH50: 0 | BI50: 0 | BJ50: 0 | BK50: 0 | BL50: 0 | BM50: =(Monthly!CK50-Monthly!CJ50)/Monthly!CJ50*100 -> -30.943459 | BN50: =(Monthly!CL50-Monthly!CK50)/Monthly!CK50*100 -> 3.5802529 | BO50: =(Monthly!CM50-Monthly!CL50)/Monthly!CL50*100 -> 177.44761 | BP50: =(Monthly!CN50-Monthly!CM50)/Monthly!CM50*100 -> -59.910854 | BQ50: =(Monthly!CO50-Monthly!CN50)/Monthly!CN50*100 -> -8.8052245 | BR50: =(Monthly!CP50-Monthly!CO50)/Monthly!CO50*100 -> 2.4102775 | BS50: =(Monthly!CQ50-Monthly!CP50)/Monthly!CP50*100 -> -54.205502 | BT50: =(Monthly!CR50-Monthly!CQ50)/Monthly!CQ50*100 -> 27.692837 | ... EQ50: =(Monthly!FO50-Monthly!FN50)/Monthly!FN50*100 -> 21.647962 | ES50: Addition
A51: Value of Telecommunications Equipment Exports (Million) | C51: 0 | D51: 0 | E51: 0 | F51: 0 | G51: 0 | H51: 0 | I51: 0 | J51: 0 | K51: 0 | L51: 0 | M51: 0 | N51: 0 | O51: 0 | P51: 0 | Q51: 0 | R51: 0 | S51: 0 | T51: 0 | U51: 0 | V51: 0 | W51: 0 | X51: 0 | Y51: 0 | Z51: 0 | AA51: 0 | AB51: 0 | AC51: 0 | AD51: 0 | AE51: 0 | AF51: 0 | AG51: 0 | AH51: 0 | AI51: 0 | AJ51: 0 | AK51: 0 | AL51: 0 | AM51: 0 | AN51: 0 | AO51: 0 | AP51: 0 | AQ51: 0 | AR51: 0 | AS51: 0 | AT51: 0 | AU51: 0 | AV51: 0 | AW51: 0 | AX51: 0 | AY51: 0 | AZ51: 0 | BA51: 0 | BB51: 0 | BC51: 0 | BD51: 0 | BE51: 0 | BF51: 0 | BG51: 0 | BH51: 0 | BI51: 0 | BJ51: 0 | BK51: 0 | BL51: 0 | BM51: =(Monthly!CK51-Monthly!CJ51)/Monthly!CJ51*100 -> -63.280492 | BN51: =(Monthly!CL51-Monthly!CK51)/Monthly!CK51*100 -> -15.418502 | BO51: =(Monthly!CM51-Monthly!CL51)/Monthly!CL51*100 -> -38.541667 | BP51: =(Monthly!CN51-Monthly!CM51)/Monthly!CM51*100 -> 1072.8814 | BQ51: =(Monthly!CO51-Monthly!CN51)/Monthly!CN51*100 -> -7.0086705 | BR51: =(Monthly!CP51-Monthly!CO51)/Monthly!CO51*100 -> -50.27195 | BS51: =(Monthly!CQ51-Monthly!CP51)/Monthly!CP51*100 -> -70.46875 | BT51: =(Monthly!CR51-Monthly!CQ51)/Monthly!CQ51*100 -> 50.899471 | ... DJ51: =(Monthly!EH51-Monthly!EG51)/Monthly!EG51*100 -> -100 | DK51: 0 | DL51: =(Monthly!EJ51-Monthly!EI51)/Monthly!EI51*100 -> -81.34365 | DM51: =(Monthly!EK51-Monthly!EJ51)/Monthly!EJ51*100 -> -8.6899276 | DN51: =(Monthly!EL51-Monthly!EK51)/Monthly!EK51*100 -> -100 | DO51: 0 | DP51: =(Monthly!EN51-Monthly!EM51)/Monthly!EM51*100 -> 52.595881 | DQ51: =(Monthly!EO51-Monthly!EN51)/Monthly!EN51*100 -> 56.723776 | DR51: =(Monthly!EP51-Monthly!EO51)/Monthly!EO51*100 -> -96.668901 | DS51: =(Monthly!EQ51-Monthly!EP51)/Monthly!EP51*100 -> 6620.2786 | DT51: =(Monthly!ER51-Monthly!EQ51)/Monthly!EQ51*100 -> -40.358879 | DU51: =(Monthly!ES51-Monthly!ER51)/Monthly!ER51*100 -> -77.954581 | DV51: =(Monthly!ET51-Monthly!ES51)/Monthly!ES51*100 -> -44.21864 | DW51: =(Monthly!EU51-Monthly!ET51)/Monthly!ET51*100 -> 779.64824 | ... EQ51: =(Monthly!FO51-Monthly!FN51)/Monthly!FN51*100 -> -56.805045 | ES51: Addition
A52: Mobile Money Subscriptions (Million) | C52: 0 | D52: 0 | E52: 0 | F52: 0 | G52: 0 | H52: 0 | I52: 0 | J52: 0 | K52: 0 | L52: 0 | M52: 0 | N52: 0 | O52: 0 | P52: 0 | Q52: 0 | R52: 0 | S52: 0 | T52: 0 | U52: 0 | V52: 0 | W52: 0 | X52: 0 | Y52: 0 | Z52: 0 | AA52: 0 | AB52: 0 | AC52: 0 | AD52: 0 | AE52: 0 | AF52: 0 | AG52: 0 | AH52: 0 | AI52: 0 | AJ52: 0 | AK52: 0 | AL52: 0 | AM52: 0 | AN52: 0 | AO52: 0 | AP52: 0 | AQ52: 0 | AR52: 0 | AS52: 0 | AT52: 0 | AU52: 0 | AV52: 0 | AW52: 0 | AX52: 0 | AY52: =(Monthly!BW52-Monthly!BV52)/Monthly!BV52*100 -> 1.3402062 | AZ52: =(Monthly!BX52-Monthly!BW52)/Monthly!BW52*100 -> 4.1030858 | BA52: =(Monthly!BY52-Monthly!BX52)/Monthly!BX52*100 -> 2.4104235 | BB52: =(Monthly!BZ52-Monthly!BY52)/Monthly!BY52*100 -> -0.44529262 | BC52: =(Monthly!CA52-Monthly!BZ52)/Monthly!BZ52*100 -> 0.28753994 | BD52: =(Monthly!CB52-Monthly!CA52)/Monthly!CA52*100 -> 3.0264415 | BE52: =(Monthly!CC52-Monthly!CB52)/Monthly!CB52*100 -> 1.2987013 | BF52: =(Monthly!CD52-Monthly!CC52)/Monthly!CC52*100 -> 2.0757021 | ... EQ52: =(Monthly!FO52-Monthly!FN52)/Monthly!FN52*100 -> 0.74257426 | ES52: Addition
A53: Number of transactions (Million) | C53: 0 | D53: 0 | E53: 0 | F53: 0 | G53: 0 | H53: 0 | I53: 0 | J53: 0 | K53: 0 | L53: 0 | M53: 0 | N53: 0 | O53: 0 | P53: 0 | Q53: 0 | R53: 0 | S53: 0 | T53: 0 | U53: 0 | V53: 0 | W53: 0 | X53: 0 | Y53: 0 | Z53: 0 | AA53: 0 | AB53: 0 | AC53: 0 | AD53: 0 | AE53: 0 | AF53: 0 | AG53: 0 | AH53: 0 | AI53: 0 | AJ53: 0 | AK53: 0 | AL53: 0 | AM53: 0 | AN53: 0 | AO53: 0 | AP53: 0 | AQ53: 0 | AR53: 0 | AS53: 0 | AT53: 0 | AU53: 0 | AV53: 0 | AW53: 0 | AX53: 0 | AY53: =(Monthly!BW53-Monthly!BV53)/Monthly!BV53*100 -> 5.5581245 | AZ53: =(Monthly!BX53-Monthly!BW53)/Monthly!BW53*100 -> 6.6409672 | BA53: =(Monthly!BY53-Monthly!BX53)/Monthly!BX53*100 -> -1.2241209 | BB53: =(Monthly!BZ53-Monthly!BY53)/Monthly!BY53*100 -> 1.9296349 | BC53: =(Monthly!CA53-Monthly!BZ53)/Monthly!BZ53*100 -> -0.60383517 | BD53: =(Monthly!CB53-Monthly!CA53)/Monthly!CA53*100 -> 4.293572 | BE53: =(Monthly!CC53-Monthly!CB53)/Monthly!CB53*100 -> 3.4792191 | BF53: =(Monthly!CD53-Monthly!CC53)/Monthly!CC53*100 -> -0.57812262 | ... EQ53: =(Monthly!FO53-Monthly!FN53)/Monthly!FN53*100 -> 0.83183666 | ES53: Addition
A54: Value of Mobile Money Transactions (Ksh Billions) | C54: 0 | D54: 0 | E54: 0 | F54: 0 | G54: 0 | H54: 0 | I54: 0 | J54: 0 | K54: 0 | L54: 0 | M54: 0 | N54: 0 | O54: 0 | P54: 0 | Q54: 0 | R54: 0 | S54: 0 | T54: 0 | U54: 0 | V54: 0 | W54: 0 | X54: 0 | Y54: 0 | Z54: 0 | AA54: 0 | AB54: 0 | AC54: 0 | AD54: 0 | AE54: 0 | AF54: 0 | AG54: 0 | AH54: 0 | AI54: 0 | AJ54: 0 | AK54: 0 | AL54: 0 | AM54: 0 | AN54: 0 | AO54: 0 | AP54: 0 | AQ54: 0 | AR54: 0 | AS54: 0 | AT54: 0 | AU54: 0 | AV54: 0 | AW54: 0 | AX54: 0 | AY54: =(Monthly!BW54-Monthly!BV54)/Monthly!BV54*100 -> 5.6785964 | AZ54: =(Monthly!BX54-Monthly!BW54)/Monthly!BW54*100 -> 6.3766087 | BA54: =(Monthly!BY54-Monthly!BX54)/Monthly!BX54*100 -> -1.3779743 | BB54: =(Monthly!BZ54-Monthly!BY54)/Monthly!BY54*100 -> 3.0094137 | BC54: =(Monthly!CA54-Monthly!BZ54)/Monthly!BZ54*100 -> -2.5077355 | BD54: =(Monthly!CB54-Monthly!CA54)/Monthly!CA54*100 -> 4.0152046 | BE54: =(Monthly!CC54-Monthly!CB54)/Monthly!CB54*100 -> 5.3432677 | BF54: =(Monthly!CD54-Monthly!CC54)/Monthly!CC54*100 -> -4.3986393 | ... EQ54: =(Monthly!FO54-Monthly!FN54)/Monthly!FN54*100 -> 0.86992015 | ES54: Addition
A55: Actual Value of Residential Building plans Approved for Nairobi (Million) | C55: =(Monthly!AA55-Monthly!Z55)/Monthly!Z55*100 -> 34.09637 | D55: =(Monthly!AB55-Monthly!AA55)/Monthly!AA55*100 -> -26.029258 | E55: =(Monthly!AC55-Monthly!AB55)/Monthly!AB55*100 -> 41.600788 | F55: =(Monthly!AD55-Monthly!AC55)/Monthly!AC55*100 -> 5.0697395 | G55: =(Monthly!AE55-Monthly!AD55)/Monthly!AD55*100 -> 2.2041327 | H55: =(Monthly!AF55-Monthly!AE55)/Monthly!AE55*100 -> 3.7740473 | I55: =(Monthly!AG55-Monthly!AF55)/Monthly!AF55*100 -> 12.764199 | J55: =(Monthly!AH55-Monthly!AG55)/Monthly!AG55*100 -> 27.112939 | ... CR55: =(Monthly!DP55-Monthly!DO55)/Monthly!DO55*100 -> -100 | CS55: 0 | CT55: =(Monthly!DR55-Monthly!DQ55)/Monthly!DQ55*100 -> 23.286086 | CU55: =(Monthly!DS55-Monthly!DR55)/Monthly!DR55*100 -> 100.63713 | CV55: =(Monthly!DT55-Monthly!DS55)/Monthly!DS55*100 -> -7.9603386 | CW55: =(Monthly!DU55-Monthly!DT55)/Monthly!DT55*100 -> -46.184143 | CX55: =(Monthly!DV55-Monthly!DU55)/Monthly!DU55*100 -> -72.073498 | CY55: =(Monthly!DW55-Monthly!DV55)/Monthly!DV55*100 -> -100 | CZ55: 0 | DA55: 0 | DB55: =(Monthly!DZ55-Monthly!DY55)/Monthly!DY55*100 -> -34.442691 | DC55: =(Monthly!EA55-Monthly!DZ55)/Monthly!DZ55*100 -> -100 | DD55: 0 | DE55: =(Monthly!EC55-Monthly!EB55)/Monthly!EB55*100 -> 101.2511 | DF55: =(Monthly!ED55-Monthly!EC55)/Monthly!EC55*100 -> -62.268949 | DG55: =(Monthly!EE55-Monthly!ED55)/Monthly!ED55*100 -> 18.45151 | DH55: =(Monthly!EF55-Monthly!EE55)/Monthly!EE55*100 -> 50.325166 | DI55: =(Monthly!EG55-Monthly!EF55)/Monthly!EF55*100 -> -61.984161 | DJ55: =(Monthly!EH55-Monthly!EG55)/Monthly!EG55*100 -> -36.781376 | DK55: =(Monthly!EI55-Monthly!EH55)/Monthly!EH55*100 -> -48.213205 | DL55: =(Monthly!EJ55-Monthly!EI55)/Monthly!EI55*100 -> -7.7702847 | ... EQ55: =(Monthly!FO55-Monthly!FN55)/Monthly!FN55*100 -> 8.4853257 | ES55: Addition
A56: Actual Value of Non-Residential Building plans Approved for Nairobi (Million) | C56: =(Monthly!AA56-Monthly!Z56)/Monthly!Z56*100 -> -3.7045554 | D56: =(Monthly!AB56-Monthly!AA56)/Monthly!AA56*100 -> 173.89766 | E56: =(Monthly!AC56-Monthly!AB56)/Monthly!AB56*100 -> 0.67295498 | F56: =(Monthly!AD56-Monthly!AC56)/Monthly!AC56*100 -> -66.898409 | G56: =(Monthly!AE56-Monthly!AD56)/Monthly!AD56*100 -> 74.822796 | H56: =(Monthly!AF56-Monthly!AE56)/Monthly!AE56*100 -> 58.31644 | I56: =(Monthly!AG56-Monthly!AF56)/Monthly!AF56*100 -> 26.975533 | J56: =(Monthly!AH56-Monthly!AG56)/Monthly!AG56*100 -> -13.301523 | ... CR56: =(Monthly!DP56-Monthly!DO56)/Monthly!DO56*100 -> -100 | CS56: 0 | CT56: =(Monthly!DR56-Monthly!DQ56)/Monthly!DQ56*100 -> 34.608538 | CU56: =(Monthly!DS56-Monthly!DR56)/Monthly!DR56*100 -> -15.893702 | CV56: =(Monthly!DT56-Monthly!DS56)/Monthly!DS56*100 -> 15.313491 | CW56: =(Monthly!DU56-Monthly!DT56)/Monthly!DT56*100 -> 12.971542 | CX56: =(Monthly!DV56-Monthly!DU56)/Monthly!DU56*100 -> -70.486158 | CY56: =(Monthly!DW56-Monthly!DV56)/Monthly!DV56*100 -> -100 | CZ56: 0 | DA56: 0 | DB56: =(Monthly!DZ56-Monthly!DY56)/Monthly!DY56*100 -> -61.033173 | DC56: =(Monthly!EA56-Monthly!DZ56)/Monthly!DZ56*100 -> -100 | DD56: 0 | DE56: =(Monthly!EC56-Monthly!EB56)/Monthly!EB56*100 -> -51.109445 | DF56: =(Monthly!ED56-Monthly!EC56)/Monthly!EC56*100 -> 7.1010397 | DG56: =(Monthly!EE56-Monthly!ED56)/Monthly!ED56*100 -> -21.156764 | DH56: =(Monthly!EF56-Monthly!EE56)/Monthly!EE56*100 -> 36.300437 | DI56: =(Monthly!EG56-Monthly!EF56)/Monthly!EF56*100 -> -78.656813 | DJ56: =(Monthly!EH56-Monthly!EG56)/Monthly!EG56*100 -> 229.00733 | DK56: =(Monthly!EI56-Monthly!EH56)/Monthly!EH56*100 -> -86.115675 | DL56: =(Monthly!EJ56-Monthly!EI56)/Monthly!EI56*100 -> -1.3175556 | ... EQ56: =(Monthly!FO56-Monthly!FN56)/Monthly!FN56*100 -> 51.104122 | ES56: Addition
A57: Real Value of Residential Building plans Approved for Nairobi (Million) | C57: =(Monthly!AA57-Monthly!Z57)/Monthly!Z57*100 -> 34.10596 | D57: =(Monthly!AB57-Monthly!AA57)/Monthly!AA57*100 -> -26.049383 | E57: =(Monthly!AC57-Monthly!AB57)/Monthly!AB57*100 -> 41.569282 | F57: =(Monthly!AD57-Monthly!AC57)/Monthly!AC57*100 -> 5.1886792 | G57: =(Monthly!AE57-Monthly!AD57)/Monthly!AD57*100 -> 2.1300448 | H57: =(Monthly!AF57-Monthly!AE57)/Monthly!AE57*100 -> 3.7321625 | I57: =(Monthly!AG57-Monthly!AF57)/Monthly!AF57*100 -> 12.804233 | J57: =(Monthly!AH57-Monthly!AG57)/Monthly!AG57*100 -> 27.110694 | ... CR57: =(Monthly!DP57-Monthly!DO57)/Monthly!DO57*100 -> -100 | CS57: 0 | CT57: =(Monthly!DR57-Monthly!DQ57)/Monthly!DQ57*100 -> 15.788993 | CU57: =(Monthly!DS57-Monthly!DR57)/Monthly!DR57*100 -> 100.63845 | CV57: =(Monthly!DT57-Monthly!DS57)/Monthly!DS57*100 -> -7.9591436 | CW57: =(Monthly!DU57-Monthly!DT57)/Monthly!DT57*100 -> -46.18635 | CX57: =(Monthly!DV57-Monthly!DU57)/Monthly!DU57*100 -> -72.073287 | CY57: =(Monthly!DW57-Monthly!DV57)/Monthly!DV57*100 -> -100 | CZ57: 0 | DA57: 0 | DB57: =(Monthly!DZ57-Monthly!DY57)/Monthly!DY57*100 -> -34.448743 | DC57: =(Monthly!EA57-Monthly!DZ57)/Monthly!DZ57*100 -> -100 | DD57: 0 | DE57: =(Monthly!EC57-Monthly!EB57)/Monthly!EB57*100 -> 101.26242 | DF57: =(Monthly!ED57-Monthly!EC57)/Monthly!EC57*100 -> -63.276803 | DG57: =(Monthly!EE57-Monthly!ED57)/Monthly!ED57*100 -> 18.456429 | DH57: =(Monthly!EF57-Monthly!EE57)/Monthly!EE57*100 -> 50.333778 | DI57: =(Monthly!EG57-Monthly!EF57)/Monthly!EF57*100 -> -61.989343 | DJ57: =(Monthly!EH57-Monthly!EG57)/Monthly!EG57*100 -> -36.775701 | DK57: =(Monthly!EI57-Monthly!EH57)/Monthly!EH57*100 -> 5037.2136 | DL57: =(Monthly!EJ57-Monthly!EI57)/Monthly!EI57*100 -> -7.7704963 | ... EQ57: =(Monthly!FO57-Monthly!FN57)/Monthly!FN57*100 -> 8.4828039 | ES57: Addition
A58: Real Value of Non-Residential Building plans Approved for Nairobi (Million) | C58: =(Monthly!AA58-Monthly!Z58)/Monthly!Z58*100 -> -3.7037037 | D58: =(Monthly!AB58-Monthly!AA58)/Monthly!AA58*100 -> 174.03846 | E58: =(Monthly!AC58-Monthly!AB58)/Monthly!AB58*100 -> 0.70175439 | F58: =(Monthly!AD58-Monthly!AC58)/Monthly!AC58*100 -> 0 | G58: =(Monthly!AE58-Monthly!AD58)/Monthly!AD58*100 -> -42.160279 | H58: =(Monthly!AF58-Monthly!AE58)/Monthly!AE58*100 -> 58.347676 | I58: =(Monthly!AG58-Monthly!AF58)/Monthly!AF58*100 -> 27.01087 | J58: =(Monthly!AH58-Monthly!AG58)/Monthly!AG58*100 -> -13.307659 | ... CR58: =(Monthly!DP58-Monthly!DO58)/Monthly!DO58*100 -> -100 | CS58: 0 | CT58: =(Monthly!DR58-Monthly!DQ58)/Monthly!DQ58*100 -> 30.984801 | CU58: =(Monthly!DS58-Monthly!DR58)/Monthly!DR58*100 -> -15.89508 | CV58: =(Monthly!DT58-Monthly!DS58)/Monthly!DS58*100 -> 15.306122 | CW58: =(Monthly!DU58-Monthly!DT58)/Monthly!DT58*100 -> 12.975196 | CX58: =(Monthly!DV58-Monthly!DU58)/Monthly!DU58*100 -> -70.487643 | CY58: =(Monthly!DW58-Monthly!DV58)/Monthly!DV58*100 -> -100 | CZ58: 0 | DA58: 0 | DB58: =(Monthly!DZ58-Monthly!DY58)/Monthly!DY58*100 -> -61.025408 | DC58: =(Monthly!EA58-Monthly!DZ58)/Monthly!DZ58*100 -> -100 | DD58: 0 | DE58: =(Monthly!EC58-Monthly!EB58)/Monthly!EB58*100 -> -51.103629 | DF58: =(Monthly!ED58-Monthly!EC58)/Monthly!EC58*100 -> 4.055088 | DG58: =(Monthly!EE58-Monthly!ED58)/Monthly!ED58*100 -> -21.139706 | DH58: =(Monthly!EF58-Monthly!EE58)/Monthly!EE58*100 -> 36.270396 | DI58: =(Monthly!EG58-Monthly!EF58)/Monthly!EF58*100 -> -78.65207 | DJ58: =(Monthly!EH58-Monthly!EG58)/Monthly!EG58*100 -> 229.00641 | DK58: =(Monthly!EI58-Monthly!EH58)/Monthly!EH58*100 -> 1266.5368 | DL58: =(Monthly!EJ58-Monthly!EI58)/Monthly!EI58*100 -> -1.318838 | ... EQ58: =(Monthly!FO58-Monthly!FN58)/Monthly!FN58*100 -> 51.104198 | ES58: Addition
A60: Foreign Exchange Rates of Kshs. against Major Currencies
A61: 1 US Dollar | BV61: =(Monthly!CT61-Monthly!CS61)/Monthly!CS61*100 -> #DIV/0! | BW61: =(Monthly!CU61-Monthly!CT61)/Monthly!CT61*100 -> #DIV/0! | BX61: =(Monthly!CV61-Monthly!CU61)/Monthly!CU61*100 -> #DIV/0! | BY61: =(Monthly!CW61-Monthly!CV61)/Monthly!CV61*100 -> #DIV/0! | BZ61: =(Monthly!CX61-Monthly!CW61)/Monthly!CW61*100 -> #DIV/0! | CA61: =(Monthly!CY61-Monthly!CX61)/Monthly!CX61*100 -> #DIV/0! | CB61: =(Monthly!CZ61-Monthly!CY61)/Monthly!CY61*100 -> #DIV/0! | CC61: =(Monthly!DA61-Monthly!CZ61)/Monthly!CZ61*100 -> #DIV/0! | ... EQ61: =(Monthly!FO61-Monthly!FN61)/Monthly!FN61*100 -> -4.9157743 | ES61: Average
A62: 1 Pound Sterling | BV62: =(Monthly!CT62-Monthly!CS62)/Monthly!CS62*100 -> #DIV/0! | BW62: =(Monthly!CU62-Monthly!CT62)/Monthly!CT62*100 -> #DIV/0! | BX62: =(Monthly!CV62-Monthly!CU62)/Monthly!CU62*100 -> #DIV/0! | BY62: =(Monthly!CW62-Monthly!CV62)/Monthly!CV62*100 -> #DIV/0! | BZ62: =(Monthly!CX62-Monthly!CW62)/Monthly!CW62*100 -> #DIV/0! | CA62: =(Monthly!CY62-Monthly!CX62)/Monthly!CX62*100 -> #DIV/0! | CB62: =(Monthly!CZ62-Monthly!CY62)/Monthly!CY62*100 -> #DIV/0! | CC62: =(Monthly!DA62-Monthly!CZ62)/Monthly!CZ62*100 -> #DIV/0! | ... EQ62: =(Monthly!FO62-Monthly!FN62)/Monthly!FN62*100 -> -5.5254338 | ES62: Average
A63: 1 Euro | BV63: =(Monthly!CT63-Monthly!CS63)/Monthly!CS63*100 -> #DIV/0! | BW63: =(Monthly!CU63-Monthly!CT63)/Monthly!CT63*100 -> #DIV/0! | BX63: =(Monthly!CV63-Monthly!CU63)/Monthly!CU63*100 -> #DIV/0! | BY63: =(Monthly!CW63-Monthly!CV63)/Monthly!CV63*100 -> #DIV/0! | BZ63: =(Monthly!CX63-Monthly!CW63)/Monthly!CW63*100 -> #DIV/0! | CA63: =(Monthly!CY63-Monthly!CX63)/Monthly!CX63*100 -> #DIV/0! | CB63: =(Monthly!CZ63-Monthly!CY63)/Monthly!CY63*100 -> #DIV/0! | CC63: =(Monthly!DA63-Monthly!CZ63)/Monthly!CZ63*100 -> #DIV/0! | ... EQ63: =(Monthly!FO63-Monthly!FN63)/Monthly!FN63*100 -> -6.0409615 | ES63: Average
A64: 100 Japanese Yen | BV64: =(Monthly!CT64-Monthly!CS64)/Monthly!CS64*100 -> #DIV/0! | BW64: =(Monthly!CU64-Monthly!CT64)/Monthly!CT64*100 -> #DIV/0! | BX64: =(Monthly!CV64-Monthly!CU64)/Monthly!CU64*100 -> #DIV/0! | BY64: =(Monthly!CW64-Monthly!CV64)/Monthly!CV64*100 -> #DIV/0! | BZ64: =(Monthly!CX64-Monthly!CW64)/Monthly!CW64*100 -> #DIV/0! | CA64: =(Monthly!CY64-Monthly!CX64)/Monthly!CX64*100 -> #DIV/0! | CB64: =(Monthly!CZ64-Monthly!CY64)/Monthly!CY64*100 -> #DIV/0! | CC64: =(Monthly!DA64-Monthly!CZ64)/Monthly!CZ64*100 -> #DIV/0! | ... EQ64: =(Monthly!FO64-Monthly!FN64)/Monthly!FN64*100 -> -7.1480804 | ES64: Average
A65: 1 SA Rand | BV65: =(Monthly!CT65-Monthly!CS65)/Monthly!CS65*100 -> #DIV/0! | BW65: =(Monthly!CU65-Monthly!CT65)/Monthly!CT65*100 -> #DIV/0! | BX65: =(Monthly!CV65-Monthly!CU65)/Monthly!CU65*100 -> #DIV/0! | BY65: =(Monthly!CW65-Monthly!CV65)/Monthly!CV65*100 -> #DIV/0! | BZ65: =(Monthly!CX65-Monthly!CW65)/Monthly!CW65*100 -> #DIV/0! | CA65: =(Monthly!CY65-Monthly!CX65)/Monthly!CX65*100 -> #DIV/0! | CB65: =(Monthly!CZ65-Monthly!CY65)/Monthly!CY65*100 -> #DIV/0! | CC65: =(Monthly!DA65-Monthly!CZ65)/Monthly!CZ65*100 -> #DIV/0! | ... EQ65: =(Monthly!FO65-Monthly!FN65)/Monthly!FN65*100 -> -6 | ES65: Average
A66: USHS/KES | BV66: =(Monthly!CT66-Monthly!CS66)/Monthly!CS66*100 -> #DIV/0! | BW66: =(Monthly!CU66-Monthly!CT66)/Monthly!CT66*100 -> #DIV/0! | BX66: =(Monthly!CV66-Monthly!CU66)/Monthly!CU66*100 -> #DIV/0! | BY66: =(Monthly!CW66-Monthly!CV66)/Monthly!CV66*100 -> #DIV/0! | BZ66: =(Monthly!CX66-Monthly!CW66)/Monthly!CW66*100 -> #DIV/0! | CA66: =(Monthly!CY66-Monthly!CX66)/Monthly!CX66*100 -> #DIV/0! | CB66: =(Monthly!CZ66-Monthly!CY66)/Monthly!CY66*100 -> #DIV/0! | CC66: =(Monthly!DA66-Monthly!CZ66)/Monthly!CZ66*100 -> #DIV/0! | ... EQ66: =(Monthly!FO66-Monthly!FN66)/Monthly!FN66*100 -> 7.2986577 | ES66: Average
A67: TSHS/KES | BV67: =(Monthly!CT67-Monthly!CS67)/Monthly!CS67*100 -> #DIV/0! | BW67: =(Monthly!CU67-Monthly!CT67)/Monthly!CT67*100 -> #DIV/0! | BX67: =(Monthly!CV67-Monthly!CU67)/Monthly!CU67*100 -> #DIV/0! | BY67: =(Monthly!CW67-Monthly!CV67)/Monthly!CV67*100 -> #DIV/0! | BZ67: =(Monthly!CX67-Monthly!CW67)/Monthly!CW67*100 -> #DIV/0! | CA67: =(Monthly!CY67-Monthly!CX67)/Monthly!CX67*100 -> #DIV/0! | CB67: =(Monthly!CZ67-Monthly!CY67)/Monthly!CY67*100 -> #DIV/0! | CC67: =(Monthly!DA67-Monthly!CZ67)/Monthly!CZ67*100 -> #DIV/0! | ... EQ67: =(Monthly!FO67-Monthly!FN67)/Monthly!FN67*100 -> 6.3964535 | ES67: Average

Sheet Quarterly
B1: 2012 | F1: 2013 | J1: 2014 | N1: 2015 | R1: 2016 | V1: 2017 | Z1: 2018 | AD1: 2019 | AH1: 2020 | AL1: 2021 | AP1: 2022 | AT1: 2023
A2: Selected Indicators | B2: Q1 | C2: Q2 | D2: Q3 | E2: Q4 | F2: Q1 | G2: Q2 | H2: Q3 | I2: Q4 | J2: Q1 | K2: Q2 | L2: Q3 | M2: Q4 | N2: Q1 | O2: Q2 | P2: Q3 | Q2: Q4 | R2: Q1 | S2: Q2 | T2: Q3 | U2: Q4 | V2: Q1 | W2: Q2 | X2: Q3 | Y2: Q4 | Z2: Q1 | AA2: Q2 | AB2: Q3 | AC2: Q4 | AD2: Q1 | AE2: Q2 | AF2: Q3 | AG2: Q4 | AH2: Q1 | AI2: Q2 | AJ2: Q3 | AK2: Q4 | AL2: Q1 | AM2: Q2 | AN2: Q3 | AO2: Q4 | AP2: Q1 | AQ2: Q2 | AR2: Q3 | AS2: Q4 | AT2: Q1 | AU2: Q2 | AV2: Q3 | AW2: Q4
A3: Agriculture | B3: Agriculture
A4: Horticulture Exports (MT) | B4: =SUM(Monthly!Z4:AB4) -> 49994.4 | C4: =SUM(Monthly!AC4:AE4) -> 49705.7 | D4: =SUM(Monthly!AF4:AH4) -> 49723.4 | E4: =SUM(Monthly!AI4:AK4) -> 56305.2 | F4: =SUM(Monthly!AL4:AN4) -> 59787.47 | G4: =SUM(Monthly!AO4:AQ4) -> 52109.15 | H4: =SUM(Monthly!AR4:AT4) -> 47787.62 | I4: =SUM(Monthly!AU4:AW4) -> 54146.41 | J4: =SUM(Monthly!AX4:AZ4) -> 0 | K4: =SUM(Monthly!BA4:BC4) -> 0 | L4: =SUM(Monthly!BD4:BF4) -> 0 | M4: =SUM(Monthly!BG4:BI4) -> 0 | N4: =SUM(Monthly!BJ4:BL4) -> 0 | O4: =SUM(Monthly!BM4:BO4) -> 0 | P4: =SUM(Monthly!BP4:BR4) -> 0 | Q4: =SUM(Monthly!BS4:BU4) -> 0 | R4: =SUM(Monthly!BV4:BX4) -> 0 | S4: =SUM(Monthly!BY4:CA4) -> 0 | T4: =SUM(Monthly!CB4:CD4) -> 0 | U4: =SUM(Monthly!CE4:CG4) -> 0 | V4: =SUM(Monthly!CH4:CJ4) -> 0 | W4: =SUM(Monthly!CK4:CM4) -> 0 | X4: =SUM(Monthly!CN4:CP4) -> 0 | Y4: =SUM(Monthly!CQ4:CS4) -> 0 | Z4: =SUM(Monthly!CT4:CV4) -> 0 | AA4: =SUM(Monthly!CW4:CY4) -> 0 | AB4: =SUM(Monthly!CZ4:DB4) -> 0 | AC4: =SUM(Monthly!DC4:DE4) -> 0 | AD4: =SUM(Monthly!DF4:DH4) -> 0 | AE4: =SUM(Monthly!DI4:DK4) -> 0 | AF4: =SUM(Monthly!DL4:DN4) -> 0 | AG4: =SUM(Monthly!DO4:DQ4) -> 0 | AH4: =SUM(Monthly!DR4:DT4) -> 0 | AI4: =SUM(Monthly!DU4:DW4) -> 0 | AJ4: =SUM(Monthly!DX4:DZ4) -> 0 | AK4: =SUM(Monthly!EA4:EC4) -> 0 | AL4: =SUM(Monthly!ED4:EF4) -> 0 | AM4: =SUM(Monthly!EG4:EI4) -> 0 | AN4: =SUM(Monthly!EJ4:EL4) -> 0 | AO4: =SUM(Monthly!EM4:EO4) -> 0 | AP4: =SUM(Monthly!EP4:ER4) -> 0 | AQ4: =SUM(Monthly!ES4:EU4) -> 0 | AR4: =SUM(Monthly!EV4:EX4) -> 0 | AS4: =SUM(Monthly!EY4:FA4) -> 0 | AY4: Addition
A5: Horticulture Exports (Ksh. Million) | B5: =SUM(Monthly!Z5:AB5) -> 21961.2 | C5: =SUM(Monthly!AC5:AE5) -> 18556.6 | D5: =SUM(Monthly!AF5:AH5) -> 21205.2 | E5: =SUM(Monthly!AI5:AK5) -> 28144.8 | F5: =SUM(Monthly!AL5:AN5) -> 25330.91 | G5: =SUM(Monthly!AO5:AQ5) -> 18148.92 | H5: =SUM(Monthly!AR5:AT5) -> 16310.97 | I5: =SUM(Monthly!AU5:AW5) -> 23590.69 | J5: =SUM(Monthly!AX5:AZ5) -> 0 | K5: =SUM(Monthly!BA5:BC5) -> 0 | L5: =SUM(Monthly!BD5:BF5) -> 0 | M5: =SUM(Monthly!BG5:BI5) -> 0 | N5: =SUM(Monthly!BJ5:BL5) -> 0 | O5: =SUM(Monthly!BM5:BO5) -> 0 | P5: =SUM(Monthly!BP5:BR5) -> 0 | Q5: =SUM(Monthly!BS5:BU5) -> 0 | R5: =SUM(Monthly!BV5:BX5) -> 0 | S5: =SUM(Monthly!BY5:CA5) -> 0 | T5: =SUM(Monthly!CB5:CD5) -> 0 | U5: =SUM(Monthly!CE5:CG5) -> 0 | V5: =SUM(Monthly!CH5:CJ5) -> 0 | W5: =SUM(Monthly!CK5:CM5) -> 0 | X5: =SUM(Monthly!CN5:CP5) -> 0 | Y5: =SUM(Monthly!CQ5:CS5) -> 0 | Z5: =SUM(Monthly!CT5:CV5) -> 0 | AA5: =SUM(Monthly!CW5:CY5) -> 0 | AB5: =SUM(Monthly!CZ5:DB5) -> 0 | AC5: =SUM(Monthly!DC5:DE5) -> 0 | AD5: =SUM(Monthly!DF5:DH5) -> 0 | AE5: =SUM(Monthly!DI5:DK5) -> 0 | AF5: =SUM(Monthly!DL5:DN5) -> 0 | AG5: =SUM(Monthly!DO5:DQ5) -> 0 | AH5: =SUM(Monthly!DR5:DT5) -> 0 | AI5: =SUM(Monthly!DU5:DW5) -> 0 | AJ5: =SUM(Monthly!DX5:DZ5) -> 0 | AK5: =SUM(Monthly!EA5:EC5) -> 0 | AL5: =SUM(Monthly!ED5:EF5) -> 0 | AM5: =SUM(Monthly!EG5:EI5) -> 0 | AN5: =SUM(Monthly!EJ5:EL5) -> 0 | AO5: =SUM(Monthly!EM5:EO5) -> 0 | AP5: =SUM(Monthly!EP5:ER5) -> 0 | AQ5: =SUM(Monthly!ES5:EU5) -> 0 | AR5: =SUM(Monthly!EV5:EX5) -> 0 | AS5: =SUM(Monthly!EY5:FA5) -> 0 | AY5: Addition
A6: Cut Flowers Exports (MT) | B6: =SUM(Monthly!Z6:AB6) -> 29430.2 | C6: =SUM(Monthly!AC6:AE6) -> 25351.5 | D6: =SUM(Monthly!AF6:AH6) -> 23518.8 | E6: =SUM(Monthly!AI6:AK6) -> 30005.7 | F6: =SUM(Monthly!AL6:AN6) -> 31204.99 | G6: =SUM(Monthly!AO6:AQ6) -> 24972.9 | H6: =SUM(Monthly!AR6:AT6) -> 20214.62 | I6: =SUM(Monthly!AU6:AW6) -> 27386.18 | J6: =SUM(Monthly!AX6:AZ6) -> 31170.48 | K6: =SUM(Monthly!BA6:BC6) -> 30649.35 | L6: =SUM(Monthly!BD6:BF6) -> 25572.51 | M6: =SUM(Monthly!BG6:BI6) -> 27371.45 | N6: =SUM(Monthly!BJ6:BL6) -> 34827.29 | O6: =SUM(Monthly!BM6:BO6) -> 29370.01 | P6: =SUM(Monthly!BP6:BR6) -> 26700.24 | Q6: =SUM(Monthly!BS6:BU6) -> 31927.71 | R6: =SUM(Monthly!BV6:BX6) -> 36112.73 | S6: =SUM(Monthly!BY6:CA6) -> 32865.93 | T6: =SUM(Monthly!CB6:CD6) -> 27810.43 | U6: =SUM(Monthly!CE6:CG6) -> 36869.26 | V6: =SUM(Monthly!CH6:CJ6) -> 42819.41 | W6: =SUM(Monthly!CK6:CM6) -> 41959.15 | X6: =SUM(Monthly!CN6:CP6) -> 34625.17 | Y6: =SUM(Monthly!CQ6:CS6) -> 40557.45 | Z6: =SUM(Monthly!CT6:CV6) -> 48128.38 | AA6: =SUM(Monthly!CW6:CY6) -> 35780.38 | AB6: =SUM(Monthly!CZ6:DB6) -> 34209.2 | AC6: =SUM(Monthly!DC6:DE6) -> 43109.13 | AD6: =SUM(Monthly!DF6:DH6) -> 49914.51 | AE6: =SUM(Monthly!DI6:DK6) -> 42662.84 | AF6: =SUM(Monthly!DL6:DN6) -> 37829.47 | AG6: =SUM(Monthly!DO6:DQ6) -> 43312.46 | AH6: =SUM(Monthly!DR6:DT6) -> 42649.76 | AI6: =SUM(Monthly!DU6:DW6) -> 27578.64 | AJ6: =SUM(Monthly!DX6:DZ6) -> 35304.39 | AK6: =SUM(Monthly!EA6:EC6) -> 40500.76 | AL6: =SUM(Monthly!ED6:EF6) -> 50169.95 | AM6: =SUM(Monthly!EG6:EI6) -> 42804.82 | AN6: =SUM(Monthly!EJ6:EL6) -> 51114.75 | AO6: =SUM(Monthly!EM6:EO6) -> 66046.38 | AP6: =SUM(Monthly!EP6:ER6) -> 2155014.8 | AQ6: =SUM(Monthly!ES6:EU6) -> 734645.62 | AR6: =SUM(Monthly!EV6:EX6) -> 1432613.8 | AS6: =SUM(Monthly!EY6:FA6) -> 30281.38 | AY6: Addition
A7: Cut Flowers Exports (Ksh Million) | B7: =SUM(Monthly!Z7:AB7) -> 17245.9 | C7: =SUM(Monthly!AC7:AE7) -> 12036.6 | D7: =SUM(Monthly!AF7:AH7) -> 14595.5 | E7: =SUM(Monthly!AI7:AK7) -> 21084.4 | F7: =SUM(Monthly!AL7:AN7) -> 18872.35 | G7: =SUM(Monthly!AO7:AQ7) -> 11468.88 | H7: =SUM(Monthly!AR7:AT7) -> 10186.47 | I7: =SUM(Monthly!AU7:AW7) -> 15447.96 | J7: =SUM(Monthly!AX7:AZ7) -> 20041.4 | K7: =SUM(Monthly!BA7:BC7) -> 14553.13 | L7: =SUM(Monthly!BD7:BF7) -> 10286.88 | M7: =SUM(Monthly!BG7:BI7) -> 15011.66 | N7: =SUM(Monthly!BJ7:BL7) -> 19011.75 | O7: =SUM(Monthly!BM7:BO7) -> 11979.94 | P7: =SUM(Monthly!BP7:BR7) -> 14495.54 | Q7: =SUM(Monthly!BS7:BU7) -> 17450.32 | R7: =SUM(Monthly!BV7:BX7) -> 24933.29 | S7: =SUM(Monthly!BY7:CA7) -> 16200.09 | T7: =SUM(Monthly!CB7:CD7) -> 12748.56 | U7: =SUM(Monthly!CE7:CG7) -> 16947.52 | V7: =SUM(Monthly!CH7:CJ7) -> 24001.72 | W7: =SUM(Monthly!CK7:CM7) -> 20135.04 | X7: =SUM(Monthly!CN7:CP7) -> 17667.66 | Y7: =SUM(Monthly!CQ7:CS7) -> 20444.44 | Z7: =SUM(Monthly!CT7:CV7) -> 33475.67 | AA7: =SUM(Monthly!CW7:CY7) -> 27634.1 | AB7: =SUM(Monthly!CZ7:DB7) -> 23853.86 | AC7: =SUM(Monthly!DC7:DE7) -> 29229.1 | AD7: =SUM(Monthly!DF7:DH7) -> 29716.29 | AE7: =SUM(Monthly!DI7:DK7) -> 25482.69 | AF7: =SUM(Monthly!DL7:DN7) -> 20617.68 | AG7: =SUM(Monthly!DO7:DQ7) -> 28325.1 | AH7: =SUM(Monthly!DR7:DT7) -> 38500.63 | AI7: =SUM(Monthly!DU7:DW7) -> 20218.45 | AJ7: =SUM(Monthly!DX7:DZ7) -> 25636.77 | AK7: =SUM(Monthly!EA7:EC7) -> 23152.73 | AL7: =SUM(Monthly!ED7:EF7) -> 32135.29 | AM7: =SUM(Monthly!EG7:EI7) -> 21066.81 | AN7: =SUM(Monthly!EJ7:EL7) -> 24862.26 | AO7: =SUM(Monthly!EM7:EO7) -> 32784.9 | AP7: =SUM(Monthly!EP7:ER7) -> 21806.09 | AQ7: =SUM(Monthly!ES7:EU7) -> 15550.39 | AR7: =SUM(Monthly!EV7:EX7) -> 10685.85 | AS7: =SUM(Monthly!EY7:FA7) -> 13430.98 | AY7: Addition
A8: Fruits Exports (MT) | B8: =SUM(Monthly!Z8:AB8) -> 7367.7 | C8: =SUM(Monthly!AC8:AE8) -> 8669 | D8: =SUM(Monthly!AF8:AH8) -> 10895.4 | E8: =SUM(Monthly!AI8:AK8) -> 4138 | F8: =SUM(Monthly!AL8:AN8) -> 7760.53 | G8: =SUM(Monthly!AO8:AQ8) -> 9349.58 | H8: =SUM(Monthly!AR8:AT8) -> 7408.85 | I8: =SUM(Monthly!AU8:AW8) -> 6588.51 | J8: =SUM(Monthly!AX8:AZ8) -> 9192.81 | K8: =SUM(Monthly!BA8:BC8) -> 9886.44 | L8: =SUM(Monthly!BD8:BF8) -> 9872.41 | M8: =SUM(Monthly!BG8:BI8) -> 6197.55 | N8: =SUM(Monthly!BJ8:BL8) -> 9139.22 | O8: =SUM(Monthly!BM8:BO8) -> 12080.8 | P8: =SUM(Monthly!BP8:BR8) -> 16870.11 | Q8: =SUM(Monthly!BS8:BU8) -> 8156.21 | R8: =SUM(Monthly!BV8:BX8) -> 13323.41 | S8: =SUM(Monthly!BY8:CA8) -> 16860.21 | T8: =SUM(Monthly!CB8:CD8) -> 10671.56 | U8: =SUM(Monthly!CE8:CG8) -> 7802.65 | V8: =SUM(Monthly!CH8:CJ8) -> 16944.46 | W8: =SUM(Monthly!CK8:CM8) -> 20363.96 | X8: =SUM(Monthly!CN8:CP8) -> 12824.8 | Y8: =SUM(Monthly!CQ8:CS8) -> 6812.15 | Z8: =SUM(Monthly!CT8:CV8) -> 19629.77 | AA8: =SUM(Monthly!CW8:CY8) -> 26479.58 | AB8: =SUM(Monthly!CZ8:DB8) -> 21412.9 | AC8: =SUM(Monthly!DC8:DE8) -> 8119.73 | AD8: =SUM(Monthly!DF8:DH8) -> 23989.25 | AE8: =SUM(Monthly!DI8:DK8) -> 26357.54 | AF8: =SUM(Monthly!DL8:DN8) -> 18995.26 | AG8: =SUM(Monthly!DO8:DQ8) -> 12540.77 | AH8: =SUM(Monthly!DR8:DT8) -> 26143.61 | AI8: =SUM(Monthly!DU8:DW8) -> 35531.81 | AJ8: =SUM(Monthly!DX8:DZ8) -> 25115.9 | AK8: =SUM(Monthly!EA8:EC8) -> 18268.22 | AL8: =SUM(Monthly!ED8:EF8) -> 38210.18 | AM8: =SUM(Monthly!EG8:EI8) -> 43895.04 | AN8: =SUM(Monthly!EJ8:EL8) -> 20120.19 | AO8: =SUM(Monthly!EM8:EO8) -> 15096.38 | AP8: =SUM(Monthly!EP8:ER8) -> 15210.81 | AQ8: =SUM(Monthly!ES8:EU8) -> 28863.3 | AR8: =SUM(Monthly!EV8:EX8) -> 32388.05 | AS8: =SUM(Monthly!EY8:FB8) -> 29659.1 | AY8: Addition
A9: Fruits Exports (Ksh Million) | B9: =SUM(Monthly!Z9:AB9) -> 763.7 | C9: =SUM(Monthly!AC9:AE9) -> 1141.2 | D9: =SUM(Monthly!AF9:AH9) -> 1921 | E9: =SUM(Monthly!AI9:AK9) -> 853.9 | F9: =SUM(Monthly!AL9:AN9) -> 928.65 | G9: =SUM(Monthly!AO9:AQ9) -> 1204.48 | H9: =SUM(Monthly!AR9:AT9) -> 1065.14 | I9: =SUM(Monthly!AU9:AW9) -> 1284.25 | J9: =SUM(Monthly!AX9:AZ9) -> 1217.27 | K9: =SUM(Monthly!BA9:BC9) -> 1340.01 | L9: =SUM(Monthly!BD9:BF9) -> 1812.91 | M9: =SUM(Monthly!BG9:BI9) -> 1040.45 | N9: =SUM(Monthly!BJ9:BL9) -> 1385.76 | O9: =SUM(Monthly!BM9:BO9) -> 1541.92 | P9: =SUM(Monthly!BP9:BR9) -> 2120.02 | Q9: =SUM(Monthly!BS9:BU9) -> 1514.1 | R9: =SUM(Monthly!BV9:BX9) -> 2018.67 | S9: =SUM(Monthly!BY9:CA9) -> 2280.6 | T9: =SUM(Monthly!CB9:CD9) -> 1829.42 | U9: =SUM(Monthly!CE9:CG9) -> 1188.57 | V9: =SUM(Monthly!CH9:CJ9) -> 2351.99 | W9: =SUM(Monthly!CK9:CM9) -> 2975.1 | X9: =SUM(Monthly!CN9:CP9) -> 2502.15 | Y9: =SUM(Monthly!CQ9:CS9) -> 1180.08 | Z9: =SUM(Monthly!CT9:CV9) -> 3364.99 | AA9: =SUM(Monthly!CW9:CY9) -> 3945.18 | AB9: =SUM(Monthly!CZ9:DB9) -> 4091.87 | AC9: =SUM(Monthly!DC9:DE9) -> 1429.05 | AD9: =SUM(Monthly!DF9:DH9) -> 3501.39 | AE9: =SUM(Monthly!DI9:DK9) -> 3896.78 | AF9: =SUM(Monthly!DL9:DN9) -> 3237.71 | AG9: =SUM(Monthly!DO9:DQ9) -> 2553.17 | AH9: =SUM(Monthly!DR9:DT9) -> 3803.59 | AI9: =SUM(Monthly!DU9:DW9) -> 8714.68 | AJ9: =SUM(Monthly!DX9:DZ9) -> 3701.52 | AK9: =SUM(Monthly!EA9:EC9) -> 2207.17 | AL9: =SUM(Monthly!ED9:EF9) -> 5629.4 | AM9: =SUM(Monthly!EG9:EI9) -> 6452.46 | AN9: =SUM(Monthly!EJ9:EL9) -> 3880.64 | AO9: =SUM(Monthly!EM9:EO9) -> 2420.4 | AP9: =SUM(Monthly!EP9:ER9) -> 2008.71 | AQ9: =SUM(Monthly!ES9:EU9) -> 3624.55 | AR9: =SUM(Monthly!EV9:EX9) -> 4374.99 | AS9: =SUM(Monthly!EY9:FA9) -> 2339.94 | AY9: Addition
A10: Vegetables Exports (MT) | B10: =SUM(Monthly!Z10:AB10) -> 13196.5 | C10: =SUM(Monthly!AC10:AE10) -> 15685.1 | D10: =SUM(Monthly!AF10:AH10) -> 15309.1 | E10: =SUM(Monthly!AI10:AK10) -> 22161.4 | F10: =SUM(Monthly!AL10:AN10) -> 20821.95 | G10: =SUM(Monthly!AO10:AQ10) -> 17786.67 | H10: =SUM(Monthly!AR10:AT10) -> 18391.97 | I10: =SUM(Monthly!AU10:AW10) -> 20171.72 | J10: =SUM(Monthly!AX10:AZ10) -> 16606.32 | K10: =SUM(Monthly!BA10:BC10) -> 18128.01 | L10: =SUM(Monthly!BD10:BF10) -> 16616.67 | M10: =SUM(Monthly!BG10:BI10) -> 18983.54 | N10: =SUM(Monthly!BJ10:BL10) -> 16061.2 | O10: =SUM(Monthly!BM10:BO10) -> 16023.42 | P10: =SUM(Monthly!BP10:BR10) -> 15155.4 | Q10: =SUM(Monthly!BS10:BU10) -> 21702.39 | R10: =SUM(Monthly!BV10:BX10) -> 17374.81 | S10: =SUM(Monthly!BY10:CA10) -> 17622.23 | T10: =SUM(Monthly!CB10:CD10) -> 20072.05 | U10: =SUM(Monthly!CE10:CG10) -> 23721.51 | V10: =SUM(Monthly!CH10:CJ10) -> 22633.91 | W10: =SUM(Monthly!CK10:CM10) -> 20154.4 | X10: =SUM(Monthly!CN10:CP10) -> 21902.74 | Y10: =SUM(Monthly!CQ10:CS10) -> 22549.22 | Z10: =SUM(Monthly!CT10:CV10) -> 21970.06 | AA10: =SUM(Monthly!CW10:CY10) -> 16564.36 | AB10: =SUM(Monthly!CZ10:DB10) -> 21660.37 | AC10: =SUM(Monthly!DC10:DE10) -> 25623.9 | AD10: =SUM(Monthly!DF10:DH10) -> 22168.52 | AE10: =SUM(Monthly!DI10:DK10) -> 16194.87 | AF10: =SUM(Monthly!DL10:DN10) -> 15592.47 | AG10: =SUM(Monthly!DO10:DQ10) -> 18777.61 | AH10: =SUM(Monthly!DR10:DT10) -> 15228.42 | AI10: =SUM(Monthly!DU10:DW10) -> 13799.42 | AJ10: =SUM(Monthly!DX10:DZ10) -> 14513.09 | AK10: =SUM(Monthly!EA10:EC10) -> 19034.47 | AL10: =SUM(Monthly!ED10:EF10) -> 18482.64 | AM10: =SUM(Monthly!EG10:EI10) -> 21814.86 | AN10: =SUM(Monthly!EJ10:EL10) -> 18685.35 | AO10: =SUM(Monthly!EM10:EO10) -> 19080.39 | AP10: =SUM(Monthly!EP10:ER10) -> 11789.67 | AQ10: =SUM(Monthly!ES10:EU10) -> 14626.72 | AR10: =SUM(Monthly!EV10:EX10) -> 15081.44 | AS10: =SUM(Monthly!EY10:FA10) -> 19995.54 | AY10: Addition
A11: Vegetables Exports (Ksh Million) | B11: =SUM(Monthly!Z11:AB11) -> 3951.5 | C11: =SUM(Monthly!AC11:AE11) -> 5378.7 | D11: =SUM(Monthly!AF11:AH11) -> 4688.7 | E11: =SUM(Monthly!AI11:AK11) -> 6206.6 | F11: =SUM(Monthly!AL11:AN11) -> 5529.91 | G11: =SUM(Monthly!AO11:AQ11) -> 5475.56 | H11: =SUM(Monthly!AR11:AT11) -> 5059.36 | I11: =SUM(Monthly!AU11:AW11) -> 6858.48 | J11: =SUM(Monthly!AX11:AZ11) -> 4587.6 | K11: =SUM(Monthly!BA11:BC11) -> 4813.46 | L11: =SUM(Monthly!BD11:BF11) -> 4720.42 | M11: =SUM(Monthly!BG11:BI11) -> 4659.15 | N11: =SUM(Monthly!BJ11:BL11) -> 4417.7 | O11: =SUM(Monthly!BM11:BO11) -> 4140.92 | P11: =SUM(Monthly!BP11:BR11) -> 5946.39 | Q11: =SUM(Monthly!BS11:BU11) -> 6434.49 | R11: =SUM(Monthly!BV11:BX11) -> 5265.76 | S11: =SUM(Monthly!BY11:CA11) -> 7426.98 | T11: =SUM(Monthly!CB11:CD11) -> 4950.81 | U11: =SUM(Monthly!CE11:CG11) -> 5723.23 | V11: =SUM(Monthly!CH11:CJ11) -> 5240.82 | W11: =SUM(Monthly!CK11:CM11) -> 5554.31 | X11: =SUM(Monthly!CN11:CP11) -> 6689.69 | Y11: =SUM(Monthly!CQ11:CS11) -> 6579.83 | Z11: =SUM(Monthly!CT11:CV11) -> 7131.22 | AA11: =SUM(Monthly!CW11:CY11) -> 5490.92 | AB11: =SUM(Monthly!CZ11:DB11) -> 6766.01 | AC11: =SUM(Monthly!DC11:DE11) -> 8297.03 | AD11: =SUM(Monthly!DF11:DH11) -> 6199 | AE11: =SUM(Monthly!DI11:DK11) -> 7727.83 | AF11: =SUM(Monthly!DL11:DN11) -> 6512.7 | AG11: =SUM(Monthly!DO11:DQ11) -> 6808.25 | AH11: =SUM(Monthly!DR11:DT11) -> 6677.47 | AI11: =SUM(Monthly!DU11:DW11) -> 5582.06 | AJ11: =SUM(Monthly!DX11:DZ11) -> 5439.24 | AK11: =SUM(Monthly!EA11:EC11) -> 6529.67 | AL11: =SUM(Monthly!ED11:EF11) -> 8350.82 | AM11: =SUM(Monthly!EG11:EI11) -> 7173.01 | AN11: =SUM(Monthly!EJ11:EL11) -> 6563.93 | AO11: =SUM(Monthly!EM11:EO11) -> 6372.92 | AP11: =SUM(Monthly!EP11:ER11) -> 2204.6 | AQ11: =SUM(Monthly!ES11:EU11) -> 3221.61 | AR11: =SUM(Monthly!EV11:EX11) -> 3843.72 | AS11: =SUM(Monthly!EY11:FA11) -> 5313.19 | AY11: Addition
A12: Coffee Exports (MT) | B12: =SUM(Monthly!Z12:AB12) -> 11830.6 | C12: =SUM(Monthly!AC12:AE12) -> 14435.6 | D12: =SUM(Monthly!AF12:AH12) -> 14632.1 | E12: =SUM(Monthly!AI12:AK12) -> 10814.3 | F12: =SUM(Monthly!AL12:AN12) -> 11830.6 | G12: =SUM(Monthly!AO12:AQ12) -> 14387.6 | H12: =SUM(Monthly!AR12:AT12) -> 14195.2 | I12: =SUM(Monthly!AU12:AW12) -> 10382.4 | J12: =SUM(Monthly!AX12:AZ12) -> 10830.4 | K12: =SUM(Monthly!BA12:BC12) -> 14039.3 | L12: =SUM(Monthly!BD12:BF12) -> 12681.7 | M12: =SUM(Monthly!BG12:BI12) -> 9886.5 | N12: =SUM(Monthly!BJ12:BL12) -> 10016.9 | O12: =SUM(Monthly!BM12:BO12) -> 12551 | P12: =SUM(Monthly!BP12:BR12) -> 11334.3 | Q12: =SUM(Monthly!BS12:BU12) -> 9697.3 | R12: =SUM(Monthly!BV12:BX12) -> 9894 | S12: =SUM(Monthly!BY12:CA12) -> 14600.56 | T12: =SUM(Monthly!CB12:CD12) -> 10878.35 | U12: =SUM(Monthly!CE12:CG12) -> 9930.51 | V12: =SUM(Monthly!CH12:CJ12) -> 12529.4 | W12: =SUM(Monthly!CK12:CM12) -> 14067.4 | X12: =SUM(Monthly!CN12:CP12) -> 9379.98 | Y12: =SUM(Monthly!CQ12:CS12) -> 7486.14 | Z12: =SUM(Monthly!CT12:CV12) -> 9279.64 | AA12: =SUM(Monthly!CW12:CY12) -> 14772.18 | AB12: =SUM(Monthly!CZ12:DB12) -> 10175.31 | AC12: =SUM(Monthly!DC12:DE12) -> 10452.47 | AD12: =SUM(Monthly!DF12:DH12) -> 12388.1 | AE12: =SUM(Monthly!DI12:DK12) -> 14590.14 | AF12: =SUM(Monthly!DL12:DN12) -> 12192.07 | AG12: =SUM(Monthly!DO12:DQ12) -> 9556.11 | AH12: =SUM(Monthly!DR12:DT12) -> 10412.3 | AI12: =SUM(Monthly!DU12:DW12) -> 14122.35 | AJ12: =SUM(Monthly!DX12:DZ12) -> 10119.56 | AK12: =SUM(Monthly!EA12:EC12) -> 8731.88 | AL12: =SUM(Monthly!ED12:EF12) -> 11675.56 | AM12: =SUM(Monthly!EG12:EI12) -> 11204.22 | AN12: =SUM(Monthly!EJ12:EL12) -> 7680.96 | AO12: =SUM(Monthly!EM12:EO12) -> 6916.74 | AP12: =SUM(Monthly!EP12:ER12) -> 11923.14 | AQ12: =SUM(Monthly!ES12:EU12) -> 16597.39 | AR12: =SUM(Monthly!EV12:EX12) -> 11564.39 | AS12: =SUM(Monthly!EY12:FA12) -> 9101.5 | AY12: Addition
A13: Coffee Export (Ksh Million) | B13: =SUM(Monthly!Z13:AB13) -> 5941.5 | C13: =SUM(Monthly!AC13:AE13) -> 6741.5 | D13: =SUM(Monthly!AF13:AH13) -> 5705.1 | E13: =SUM(Monthly!AI13:AK13) -> 3883.2 | F13: =SUM(Monthly!AL13:AN13) -> 5941.5 | G13: =SUM(Monthly!AO13:AQ13) -> 4929.6 | H13: =SUM(Monthly!AR13:AT13) -> 4400.9 | I13: =SUM(Monthly!AU13:AW13) -> 3318.3 | J13: =SUM(Monthly!AX13:AZ13) -> 3705.6 | K13: =SUM(Monthly!BA13:BC13) -> 6044.3 | L13: =SUM(Monthly!BD13:BF13) -> 5579 | M13: =SUM(Monthly!BG13:BI13) -> 4584.4 | N13: =SUM(Monthly!BJ13:BL13) -> 4670.1 | O13: =SUM(Monthly!BM13:BO13) -> 6204.4 | P13: =SUM(Monthly!BP13:BR13) -> 5350.7 | Q13: =SUM(Monthly!BS13:BU13) -> 4354.6 | R13: =SUM(Monthly!BV13:BX13) -> 5026.62 | S13: =SUM(Monthly!BY13:CA13) -> 7079.95 | T13: =SUM(Monthly!CB13:CD13) -> 4833.03 | U13: =SUM(Monthly!CE13:CG13) -> 4431.83 | V13: =SUM(Monthly!CH13:CJ13) -> 6877.63 | W13: =SUM(Monthly!CK13:CM13) -> 8315 | X13: =SUM(Monthly!CN13:CP13) -> 4798.42 | Y13: =SUM(Monthly!CQ13:CS13) -> 3461.63 | Z13: =SUM(Monthly!CT13:CV13) -> 5135.34 | AA13: =SUM(Monthly!CW13:CY13) -> 8696.02 | AB13: =SUM(Monthly!CZ13:DB13) -> 5145.35 | AC13: =SUM(Monthly!DC13:DE13) -> 4118.18 | AD13: =SUM(Monthly!DF13:DH13) -> 5658.08 | AE13: =SUM(Monthly!DI13:DK13) -> 7164.69 | AF13: =SUM(Monthly!DL13:DN13) -> 4287.34 | AG13: =SUM(Monthly!DO13:DQ13) -> 3199.46 | AH13: =SUM(Monthly!DR13:DT13) -> 5082.3 | AI13: =SUM(Monthly!DU13:DW13) -> 7825.65 | AJ13: =SUM(Monthly!DX13:DZ13) -> 4890.25 | AK13: =SUM(Monthly!EA13:EC13) -> 4443.53 | AL13: =SUM(Monthly!ED13:EF13) -> 8060.51 | AM13: =SUM(Monthly!EG13:EI13) -> 7589.38 | AN13: =SUM(Monthly!EJ13:EL13) -> 5156.85 | AO13: =SUM(Monthly!EM13:EO13) -> 5333.13 | AP13: =SUM(Monthly!EP13:ER13) -> 9595.22 | AQ13: =SUM(Monthly!ES13:EU13) -> 13162.88 | AR13: =SUM(Monthly!EV13:EX13) -> 8671.41 | AS13: =SUM(Monthly!EY13:FA13) -> 6216.03 | AY13: Addition
A14: Tea Export (MT) | B14: =SUM(Monthly!Z14:AB14) -> 104318.1 | C14: =SUM(Monthly!AC14:AE14) -> 81024 | D14: =SUM(Monthly!AF14:AH14) -> 89739.2 | E14: =SUM(Monthly!AI14:AK14) -> 101914.9 | F14: =SUM(Monthly!AL14:AN14) -> 104318.1 | G14: =SUM(Monthly!AO14:AQ14) -> 112379.7 | H14: =SUM(Monthly!AR14:AT14) -> 114018.2 | I14: =SUM(Monthly!AU14:AW14) -> 112326.8 | J14: =SUM(Monthly!AX14:AZ14) -> 109808.4 | K14: =SUM(Monthly!BA14:BC14) -> 112665.2 | L14: =SUM(Monthly!BD14:BF14) -> 116474.5 | M14: =SUM(Monthly!BG14:BI14) -> 117543.7 | N14: =SUM(Monthly!BJ14:BL14) -> 117755.9 | O14: =SUM(Monthly!BM14:BO14) -> 91193.2 | P14: =SUM(Monthly!BP14:BR14) -> 91838.6 | Q14: =SUM(Monthly!BS14:BU14) -> 119739.7 | R14: =SUM(Monthly!BV14:BX14) -> 117438.15 | S14: =SUM(Monthly!BY14:CA14) -> 136389.11 | T14: =SUM(Monthly!CB14:CD14) -> 115952.27 | U14: =SUM(Monthly!CE14:CG14) -> 110189.74 | V14: =SUM(Monthly!CH14:CJ14) -> 113994.31 | W14: =SUM(Monthly!CK14:CM14) -> 113789.5 | X14: =SUM(Monthly!CN14:CP14) -> 114534.66 | Y14: =SUM(Monthly!CQ14:CS14) -> 124713.4 | Z14: =SUM(Monthly!CT14:CV14) -> 130291.11 | AA14: =SUM(Monthly!CW14:CY14) -> 121279.85 | AB14: =SUM(Monthly!CZ14:DB14) -> 123532.39 | AC14: =SUM(Monthly!DC14:DE14) -> 126682.35 | AD14: =SUM(Monthly!DF14:DH14) -> 132106.6 | AE14: =SUM(Monthly!DI14:DK14) -> 103232.77 | AF14: =SUM(Monthly!DL14:DN14) -> 111258.17 | AG14: =SUM(Monthly!DO14:DQ14) -> 128336.77 | AH14: =SUM(Monthly!DR14:DT14) -> 147780.92 | AI14: =SUM(Monthly!DU14:DW14) -> 152715.42 | AJ14: =SUM(Monthly!DX14:DZ14) -> 138610.2 | AK14: =SUM(Monthly!EA14:EC14) -> 136175.48 | AL14: =SUM(Monthly!ED14:EF14) -> 152633.81 | AM14: =SUM(Monthly!EG14:EI14) -> 145934.07 | AN14: =SUM(Monthly!EJ14:EL14) -> 124573.21 | AO14: =SUM(Monthly!EM14:EO14) -> 133318.35 | AP14: =SUM(Monthly!EP14:ER14) -> 135721.37 | AQ14: =SUM(Monthly!ES14:EU14) -> 137620.83 | AR14: =SUM(Monthly!EV14:EX14) -> 136836.7 | AS14: =SUM(Monthly!EY14:FA14) -> 140565.93 | AY14: Addition
A15: Tea Export (Ksh Million) | B15: =SUM(Monthly!Z15:AB15) -> 26341.5 | C15: =SUM(Monthly!AC15:AE15) -> 20966.5 | D15: =SUM(Monthly!AF15:AH15) -> 25381.9 | E15: =SUM(Monthly!AI15:AK15) -> 28750.8 | F15: =SUM(Monthly!AL15:AN15) -> 26341.5 | G15: =SUM(Monthly!AO15:AQ15) -> 25989.9 | H15: =SUM(Monthly!AR15:AT15) -> 25782.8 | I15: =SUM(Monthly!AU15:AW15) -> 22802.7 | J15: =SUM(Monthly!AX15:AZ15) -> 24038.5 | K15: =SUM(Monthly!BA15:BC15) -> 22854 | L15: =SUM(Monthly!BD15:BF15) -> 23685.8 | M15: =SUM(Monthly!BG15:BI15) -> 23417.5 | N15: =SUM(Monthly!BJ15:BL15) -> 26594.2 | O15: =SUM(Monthly!BM15:BO15) -> 25957.6 | P15: =SUM(Monthly!BP15:BR15) -> 31040.2 | Q15: =SUM(Monthly!BS15:BU15) -> 39432.5 | R15: =SUM(Monthly!BV15:BX15) -> 33100.23 | S15: =SUM(Monthly!BY15:CA15) -> 32787.7 | T15: =SUM(Monthly!CB15:CD15) -> 29126.41 | U15: =SUM(Monthly!CE15:CG15) -> 29482.32 | V15: =SUM(Monthly!CH15:CJ15) -> 35645.04 | W15: =SUM(Monthly!CK15:CM15) -> 35830.33 | X15: =SUM(Monthly!CN15:CP15) -> 36280.91 | Y15: =SUM(Monthly!CQ15:CS15) -> 39494.54 | Z15: =SUM(Monthly!CT15:CV15) -> 40092.33 | AA15: =SUM(Monthly!CW15:CY15) -> 33995.85 | AB15: =SUM(Monthly!CZ15:DB15) -> 32624.21 | AC15: =SUM(Monthly!DC15:DE15) -> 32123.12 | AD15: =SUM(Monthly!DF15:DH15) -> 31379.95 | AE15: =SUM(Monthly!DI15:DK15) -> 25077.45 | AF15: =SUM(Monthly!DL15:DN15) -> 25709.4 | AG15: =SUM(Monthly!DO15:DQ15) -> 31284.15 | AH15: =SUM(Monthly!DR15:DT15) -> 34139.35 | AI15: =SUM(Monthly!DU15:DW15) -> 34774.95 | AJ15: =SUM(Monthly!DX15:DZ15) -> 30482.82 | AK15: =SUM(Monthly!EA15:EC15) -> 30848.88 | AL15: =SUM(Monthly!ED15:EF15) -> 35777.4 | AM15: =SUM(Monthly!EG15:EI15) -> 32194.28 | AN15: =SUM(Monthly!EJ15:EL15) -> 27643.49 | AO15: =SUM(Monthly!EM15:EO15) -> 35221.91 | AP15: =SUM(Monthly!EP15:ER15) -> 39490.8 | AQ15: =SUM(Monthly!ES15:EU15) -> 40239.32 | AR15: =SUM(Monthly!EV15:EX15) -> 40235.8 | AS15: =SUM(Monthly!EY15:FA15) -> 43179.92 | AY15: Addition
A16: Cane Deliveries ('000 Metric Tonnes) | N16: =SUM(Monthly!BJ16:BL16) -> 1947.8 | O16: =SUM(Monthly!BM16:BO16) -> 1661.35 | P16: =SUM(Monthly!BP16:BR16) -> 1830.47 | Q16: =SUM(Monthly!BS16:BU16) -> 1725.18 | R16: =SUM(Monthly!BV16:BX16) -> 2068.03 | S16: =SUM(Monthly!BY16:CA16) -> 1721.41 | T16: =SUM(Monthly!CB16:CD16) -> 1741.46 | U16: =SUM(Monthly!CE16:CG16) -> 1620.76 | V16: =SUM(Monthly!CH16:CJ16) -> 1571.73 | W16: =SUM(Monthly!CK16:CM16) -> 780.57 | X16: =SUM(Monthly!CN16:CP16) -> 774.97 | Y16: =SUM(Monthly!CQ16:CS16) -> 1624.34 | Z16: =SUM(Monthly!CT16:CV16) -> 1688.57 | AA16: =SUM(Monthly!CW16:CY16) -> 904.97 | AB16: =SUM(Monthly!CZ16:DB16) -> 1263.02 | AC16: =SUM(Monthly!DC16:DE16) -> 1405.61 | AD16: =SUM(Monthly!DF16:DH16) -> 1448.32 | AE16: =SUM(Monthly!DI16:DK16) -> 989.02 | AF16: =SUM(Monthly!DL16:DN16) -> 1022.05 | AG16: =SUM(Monthly!DO16:DQ16) -> 1145.72 | AH16: =SUM(Monthly!DR16:DT16) -> 1635.97 | AI16: =SUM(Monthly!DU16:DW16) -> 1651.42 | AJ16: =SUM(Monthly!DX16:DZ16) -> 1900.02 | AK16: =SUM(Monthly!EA16:EC16) -> 1707.01 | AL16: =SUM(Monthly!ED16:EF16) -> 2051.44 | AM16: =SUM(Monthly!EG16:EI16) -> 1907.24 | AN16: =SUM(Monthly!EJ16:EL16) -> 1834.04 | AO16: =SUM(Monthly!EM16:EO16) -> 1864.79 | AP16: =SUM(Monthly!EP16:ER16) -> 2180.3 | AQ16: =SUM(Monthly!ES16:EU16) -> 2155.98 | AR16: =SUM(Monthly!EV16:EX16) -> 1944.69 | AS16: =SUM(Monthly!EY16:FA16) -> 2304.45 | AY16: Addition
A17: Average Monthly Retail Prices for Dry Maize (per Kg) | N17: =SUM(Monthly!BJ17:BL17) -> 0 | O17: =SUM(Monthly!BM17:BO17) -> 0 | P17: =SUM(Monthly!BP17:BR17) -> 0 | Q17: =SUM(Monthly!BS17:BU17) -> 0 | R17: =SUM(Monthly!BV17:BX17) -> 0 | S17: =SUM(Monthly!BY17:CA17) -> 0 | T17: =SUM(Monthly!CB17:CD17) -> 0 | U17: =SUM(Monthly!CE17:CG17) -> 0 | V17: =SUM(Monthly!CH17:CJ17)/3 -> 0 | W17: =SUM(Monthly!CK17:CM17)/3 -> 0 | X17: =SUM(Monthly!CN17:CP17)/3 -> 0 | Y17: =SUM(Monthly!CQ17:CS17)/3 -> 0 | Z17: =SUM(Monthly!CT17:CV17)/3 -> 0 | AA17: =SUM(Monthly!CW17:CY17)/3 -> 0 | AB17: =SUM(Monthly!CZ17:DB17)/3 -> 0 | AC17: =SUM(Monthly!DC17:DE17)/3 -> 0 | AD17: =SUM(Monthly!DF17:DH17)/3 -> 31.34 | AE17: =SUM(Monthly!DI17:DK17)/3 -> 41.77 | AF17: =SUM(Monthly!DL17:DN17)/3 -> 43.36 | AG17: =SUM(Monthly!DO17:DQ17)/3 -> 44.873333 | AH17: =(SUM(Monthly!DR17:DT17)/3) -> 44.333333 | AI17: =SUM(Monthly!DU17:DW17)/3 -> 44.133333 | AJ17: =SUM(Monthly!DX17:DZ17)/3 -> 42.666667 | AK17: =SUM(Monthly!EA17:EC17)/3 -> 40.1 | AL17: =SUM(Monthly!ED17:EF17)/3 -> 37.5 | AM17: =SUM(Monthly!EG17:EI17)/3 -> 38.6 | AN17: =SUM(Monthly!EJ17:EL17)/3 -> 39.233333 | AO17: =SUM(Monthly!EM17:EO17)/3 -> 44.733333 | AP17: =SUM(Monthly!EP17:ER17)/3 -> 46.333333 | AQ17: =SUM(Monthly!ES17:EU17)/3 -> 59.966667 | AR17: =SUM(Monthly!EV17:EX17)/3 -> 77 | AS17: =SUM(Monthly!EY17:FA17)/3 -> 79.433333 | AY17: Average
A18: Average Monthly Retail Prices for Dry Beans (per Kg) | N18: =SUM(Monthly!BJ18:BL18) -> 0 | O18: =SUM(Monthly!BM18:BO18) -> 0 | P18: =SUM(Monthly!BP18:BR18) -> 0 | Q18: =SUM(Monthly!BS18:BU18) -> 0 | R18: =SUM(Monthly!BV18:BX18) -> 0 | S18: =SUM(Monthly!BY18:CA18) -> 0 | T18: =SUM(Monthly!CB18:CD18) -> 0 | U18: =SUM(Monthly!CE18:CG18) -> 0 | V18: =SUM(Monthly!CH18:CJ18)/3 -> 0 | W18: =SUM(Monthly!CK18:CM18)/3 -> 0 | X18: =SUM(Monthly!CN18:CP18)/3 -> 0 | Y18: =SUM(Monthly!CQ18:CS18)/3 -> 0 | Z18: =SUM(Monthly!CT18:CV18)/3 -> 0 | AA18: =SUM(Monthly!CW18:CY18)/3 -> 0 | AB18: =SUM(Monthly!CZ18:DB18)/3 -> 0 | AC18: =SUM(Monthly!DC18:DE18)/3 -> 0 | AD18: =SUM(Monthly!DF18:DH18)/3 -> 76.68 | AE18: =SUM(Monthly!DI18:DK18)/3 -> 88.323333 | AF18: =SUM(Monthly!DL18:DN18)/3 -> 85.513333 | AG18: =SUM(Monthly!DO18:DQ18)/3 -> 88.513333 | AH18: =(SUM(Monthly!DR18:DT18)/3) -> 92.366667 | AI18: =SUM(Monthly!DU18:DW18)/3 -> 104.2 | AJ18: =SUM(Monthly!DX18:DZ18)/3 -> 97.2 | AK18: =SUM(Monthly!EA18:EC18)/3 -> 99.966667 | AL18: =SUM(Monthly!ED18:EF18)/3 -> 101.36667 | AM18: =SUM(Monthly!EG18:EI18)/3 -> 101.93333 | AN18: =SUM(Monthly!EJ18:EL18)/3 -> 101.46667 | AO18: =SUM(Monthly!EM18:EO18)/3 -> 102.8 | AP18: =SUM(Monthly!EP18:ER18)/3 -> 101.33333 | AQ18: =SUM(Monthly!ES18:EU18)/3 -> 110.86667 | AR18: =SUM(Monthly!EV18:EX18)/3 -> 127.03333 | AS18: =SUM(Monthly!EY18:FA18)/3 -> 145.46667 | AY18: Average
A19: Manufacturing, Building and Construction | B19: Manufacturing, Building and Construction
A20: Sugar Production (MT) | B20: =SUM(Monthly!Z20:AB20) -> 155674 | C20: =SUM(Monthly!AC20:AE20) -> 130435 | D20: =SUM(Monthly!AF20:AH20) -> 111168 | E20: =SUM(Monthly!AI20:AK20) -> 96660 | F20: =SUM(Monthly!AL20:AN20) -> 142729 | G20: =SUM(Monthly!AO20:AQ20) -> 125192 | H20: =SUM(Monthly!AR20:AT20) -> 170792 | I20: =SUM(Monthly!AU20:AW20) -> 161497 | J20: =SUM(Monthly!AX20:AZ20) -> 187707 | K20: =SUM(Monthly!BA20:BC20) -> 134239 | L20: =SUM(Monthly!BD20:BF20) -> 153967 | M20: =SUM(Monthly!BG20:BI20) -> 140950 | N20: =SUM(Monthly!BJ20:BL20) -> 184433 | O20: =SUM(Monthly!BM20:BO20) -> 140276 | P20: =SUM(Monthly!BP20:BR20) -> 163115 | Q20: =SUM(Monthly!BS20:BU20) -> 147850 | R20: =SUM(Monthly!BV20:BX20) -> 190071 | S20: =SUM(Monthly!BY20:CA20) -> 147754 | T20: =SUM(Monthly!CB20:CD20) -> 155691 | U20: =SUM(Monthly!CE20:CG20) -> 146223 | V20: =SUM(Monthly!CH20:CJ20) -> 144403 | W20: =SUM(Monthly!CK20:CM20) -> 57589 | X20: =SUM(Monthly!CN20:CP20) -> 50423 | Y20: =SUM(Monthly!CQ20:CS20) -> 123696 | Z20: =SUM(Monthly!CT20:CV20) -> 165802 | AA20: =SUM(Monthly!CW20:CY20) -> 93935 | AB20: =SUM(Monthly!CZ20:DB20) -> 106661 | AC20: =SUM(Monthly!DC20:DE20) -> 124699 | AD20: =SUM(Monthly!DF20:DH20) -> 144662 | AE20: =SUM(Monthly!DI20:DK20) -> 100164 | AF20: =SUM(Monthly!DL20:DN20) -> 91288 | AG20: =SUM(Monthly!DO20:DQ20) -> 104821 | AH20: =SUM(Monthly!DR20:DT20) -> 156937 | AI20: =SUM(Monthly!DU20:DW20) -> 141498 | AJ20: =SUM(Monthly!DX20:DZ20) -> 161462 | AK20: =SUM(Monthly!EA20:EC20) -> 143891 | AL20: =SUM(Monthly!ED20:EF20) -> 185746 | AM20: =SUM(Monthly!EG20:EI20) -> 175168 | AN20: =SUM(Monthly!EJ20:EL20) -> 166994 | AO20: =SUM(Monthly!EM20:EO20) -> 172254 | AP20: =SUM(Monthly!EP20:ER20) -> 208478 | AQ20: =SUM(Monthly!ES20:EU20) -> 202093 | AR20: =SUM(Monthly!EV20:EX20) -> 177126 | AS20: =SUM(Monthly!EY20:FA20) -> 207802 | AY20: Addition
A21: Milk Intake (Million Litres) | B21: =SUM(Monthly!Z21:AB21) -> 107.3 | C21: =SUM(Monthly!AC21:AE21) -> 109.5 | D21: =SUM(Monthly!AF21:AH21) -> 134.2 | E21: =SUM(Monthly!AI21:AK21) -> 144.3 | F21: =SUM(Monthly!AL21:AN21) -> 132.08 | G21: =SUM(Monthly!AO21:AQ21) -> 139.51 | H21: =SUM(Monthly!AR21:AT21) -> 120.21 | I21: =SUM(Monthly!AU21:AW21) -> 131.23 | J21: =SUM(Monthly!AX21:AZ21) -> 149.9 | K21: =SUM(Monthly!BA21:BC21) -> 133.04 | L21: =SUM(Monthly!BD21:BF21) -> 123.94 | M21: =SUM(Monthly!BG21:BI21) -> 133.16 | N21: =SUM(Monthly!BJ21:BL21) -> 130.74 | O21: =SUM(Monthly!BM21:BO21) -> 139.58 | P21: =SUM(Monthly!BP21:BR21) -> 154.19 | Q21: =SUM(Monthly!BS21:BU21) -> 182.57 | R21: =SUM(Monthly!BV21:BX21) -> 158.04 | S21: =SUM(Monthly!BY21:CA21) -> 170.21 | T21: =SUM(Monthly!CB21:CD21) -> 158.29 | U21: =SUM(Monthly!CE21:CG21) -> 161.68 | V21: =SUM(Monthly!CH21:CJ21) -> 130.01 | W21: =SUM(Monthly!CK21:CM21) -> 143.2 | X21: =SUM(Monthly!CN21:CP21) -> 153.31 | Y21: =SUM(Monthly!CQ21:CS21) -> 164.86 | Z21: =SUM(Monthly!CT21:CV21) -> 148.7 | AA21: =SUM(Monthly!CW21:CY21) -> 151.97 | AB21: =SUM(Monthly!CZ21:DB21) -> 162.11 | AC21: =SUM(Monthly!DC21:DE21) -> 180.42 | AD21: =SUM(Monthly!DF21:DH21) -> 177.06 | AE21: =SUM(Monthly!DI21:DK21) -> 142.08 | AF21: =SUM(Monthly!DL21:DN21) -> 187.21 | AG21: =SUM(Monthly!DO21:DQ21) -> 179.53 | AH21: =SUM(Monthly!DR21:DT21) -> 173.36 | AI21: =SUM(Monthly!DU21:DW21) -> 151.21 | AJ21: =SUM(Monthly!DX21:DZ21) -> 171.66 | AK21: =SUM(Monthly!EA21:EC21) -> 188.15 | AL21: =SUM(Monthly!ED21:EF21) -> 191.21 | AM21: =SUM(Monthly!EG21:EI21) -> 204.72 | AN21: =SUM(Monthly!EJ21:EL21) -> 209.28 | AO21: =SUM(Monthly!EM21:EO21) -> 196.7 | AP21: =SUM(Monthly!EP21:ER21) -> 197.54 | AQ21: =SUM(Monthly!ES21:EU21) -> 191.76 | AR21: =SUM(Monthly!EV21:EX21) -> 186.97 | AS21: =SUM(Monthly!EY21:FA21) -> 178.09 | AY21: Addition
A22: Cement Production (MT) | B22: =SUM(Monthly!Z22:AB22) -> 1126077 | C22: =SUM(Monthly!AC22:AE22) -> 1138517 | D22: =SUM(Monthly!AF22:AH22) -> 1180472 | E22: =SUM(Monthly!AI22:AK22) -> 1194657 | F22: =SUM(Monthly!AL22:AN22) -> 1141626 | G22: =SUM(Monthly!AO22:AQ22) -> 1202259 | H22: =SUM(Monthly!AR22:AT22) -> 1340768 | I22: =SUM(Monthly!AU22:AW22) -> 1374476 | J22: =SUM(Monthly!AX22:AZ22) -> 1376012 | K22: =SUM(Monthly!BA22:BC22) -> 1397646 | L22: =SUM(Monthly!BD22:BF22) -> 1495708 | M22: =SUM(Monthly!BG22:BI22) -> 1591171 | N22: =SUM(Monthly!BJ22:BL22) -> 1527325 | O22: =SUM(Monthly!BM22:BO22) -> 1570150 | P22: =SUM(Monthly!BP22:BR22) -> 1686068 | Q22: =SUM(Monthly!BS22:BU22) -> 1554642 | R22: =SUM(Monthly!BV22:BX22) -> 1606741 | S22: =SUM(Monthly!BY22:CA22) -> 1701420 | T22: =SUM(Monthly!CB22:CD22) -> 1695299 | U22: =SUM(Monthly!CE22:CG22) -> 1703770 | V22: =SUM(Monthly!CH22:CJ22) -> 1627269 | W22: =SUM(Monthly!CK22:CM22) -> 1531136 | X22: =SUM(Monthly!CN22:CP22) -> 1536349 | Y22: =SUM(Monthly!CQ22:CS22) -> 1535537 | Z22: =SUM(Monthly!CT22:CV22) -> 1542947 | AA22: =SUM(Monthly!CW22:CY22) -> 1438002 | AB22: =SUM(Monthly!CZ22:DB22) -> 1560368 | AC22: =SUM(Monthly!DC22:DE22) -> 1488617 | AD22: =SUM(Monthly!DF22:DH22) -> 1462361 | AE22: =SUM(Monthly!DI22:DK22) -> 1465654 | AF22: =SUM(Monthly!DL22:DN22) -> 1558955 | AG22: =SUM(Monthly!DO22:DQ22) -> 1480217 | AH22: =SUM(Monthly!DR22:DT22) -> 1638646 | AI22: =SUM(Monthly!DU22:DW22) -> 1615579 | AJ22: =SUM(Monthly!DX22:DZ22) -> 2086075 | AK22: =SUM(Monthly!EA22:EC22) -> 2066615 | AL22: =SUM(Monthly!ED22:EF22) -> 2003954 | AM22: =SUM(Monthly!EG22:EI22) -> 2112046 | AN22: =SUM(Monthly!EJ22:EL22) -> 2640167 | AO22: =SUM(Monthly!EM22:EO22) -> 2491578 | AP22: =SUM(Monthly!EP22:ER22) -> 2585629 | AQ22: =SUM(Monthly!ES22:EU22) -> 2368090 | AR22: =SUM(Monthly!EV22:EX22) -> 2379890 | AS22: =SUM(Monthly!EY22:FA22) -> 2420363 | AY22: Addition
A23: Cement Consumption | B23: =SUM(Monthly!Z23:AB23) -> 930848 | C23: =SUM(Monthly!AC23:AE23) -> 947484 | D23: =SUM(Monthly!AF23:AH23) -> 1000123 | E23: =SUM(Monthly!AI23:AK23) -> 1058808 | F23: =SUM(Monthly!AL23:AN23) -> 958181 | G23: =SUM(Monthly!AO23:AQ23) -> 1005901 | H23: =SUM(Monthly!AR23:AT23) -> 1128505 | I23: =SUM(Monthly!AU23:AW23) -> 1173899 | J23: =SUM(Monthly!AX23:AZ23) -> 1162730 | K23: =SUM(Monthly!BA23:BC23) -> 1313861 | L23: =SUM(Monthly!BD23:BF23) -> 1304257 | M23: =SUM(Monthly!BG23:BI23) -> 1415833 | N23: =SUM(Monthly!BJ23:BL23) -> 1360036 | O23: =SUM(Monthly!BM23:BO23) -> 1419304 | P23: =SUM(Monthly!BP23:BR23) -> 1447907 | Q23: =SUM(Monthly!BS23:BU23) -> 1466899 | R23: =SUM(Monthly!BV23:BX23) -> 1472542 | S23: =SUM(Monthly!BY23:CA23) -> 1594686 | T23: =SUM(Monthly!CB23:CD23) -> 1620649 | U23: =SUM(Monthly!CE23:CG23) -> 1614100 | V23: =SUM(Monthly!CH23:CJ23) -> 1533010 | W23: =SUM(Monthly!CK23:CM23) -> 1435103 | X23: =SUM(Monthly!CN23:CP23) -> 1462062 | Y23: =SUM(Monthly!CQ23:CS23) -> 1427712 | Z23: =SUM(Monthly!CT23:CV23) -> 1492179 | AA23: =SUM(Monthly!CW23:CY23) -> 1394637 | AB23: =SUM(Monthly!CZ23:DB23) -> 1541927 | AC23: =SUM(Monthly!DC23:DE23) -> 1478637 | AD23: =SUM(Monthly!DF23:DH23) -> 1459021 | AE23: =SUM(Monthly!DI23:DK23) -> 1453917 | AF23: =SUM(Monthly!DL23:DN23) -> 1553790 | AG23: =SUM(Monthly!DO23:DQ23) -> 1466606 | AH23: =SUM(Monthly!DR23:DT23) -> 1628361 | AI23: =SUM(Monthly!DU23:DW23) -> 1608297 | AJ23: =SUM(Monthly!DX23:DZ23) -> 2028767 | AK23: =SUM(Monthly!EA23:EC23) -> 2047237 | AL23: =SUM(Monthly!ED23:EF23) -> 1985967 | AM23: =SUM(Monthly!EG23:EI23) -> 2077730 | AN23: =SUM(Monthly!EJ23:EL23) -> 2597981 | AO23: =SUM(Monthly!EM23:EO23) -> 2436759 | AP23: =SUM(Monthly!EP23:ER23) -> 2520968 | AQ23: =SUM(Monthly!ES23:EU23) -> 2282744 | AR23: =SUM(Monthly!EV23:EX23) -> 2295001 | AS23: =SUM(Monthly!EY23:FA23) -> 2351437 | AY23: Addition
A24: Soft drinks Production ('000 Litres) | B24: =SUM(Monthly!Z24:AB24) -> 103689 | C24: =SUM(Monthly!AC24:AE24) -> 81081 | D24: =SUM(Monthly!AF24:AH24) -> 77644 | E24: =SUM(Monthly!AI24:AK24) -> 97104 | F24: =SUM(Monthly!AL24:AN24) -> 111429 | G24: =SUM(Monthly!AO24:AQ24) -> 85845 | H24: =SUM(Monthly!AR24:AT24) -> 92187 | I24: =SUM(Monthly!AU24:AW24) -> 114520 | J24: =SUM(Monthly!AX24:AZ24) -> 118473 | K24: =SUM(Monthly!BA24:BC24) -> 107021 | L24: =SUM(Monthly!BD24:BF24) -> 103093 | M24: =SUM(Monthly!BG24:BI24) -> 130877 | N24: =SUM(Monthly!BJ24:BL24) -> 131653 | O24: =SUM(Monthly!BM24:BO24) -> 115296 | P24: =SUM(Monthly!BP24:BR24) -> 110694 | Q24: =SUM(Monthly!BS24:BU24) -> 132927 | R24: =SUM(Monthly!BV24:BX24) -> 131653 | S24: =SUM(Monthly!BY24:CA24) -> 115224 | T24: =SUM(Monthly!CB24:CD24) -> 110957 | U24: =SUM(Monthly!CE24:CG24) -> 133310 | V24: =SUM(Monthly!CH24:CJ24) -> 144385 | W24: =SUM(Monthly!CK24:CM24) -> 133016 | X24: =SUM(Monthly!CN24:CP24) -> 123418 | Y24: =SUM(Monthly!CQ24:CS24) -> 156726 | Z24: =SUM(Monthly!CT24:CV24) -> 154327 | AA24: =SUM(Monthly!CW24:CY24) -> 131999 | AB24: =SUM(Monthly!CZ24:DB24) -> 138476 | AC24: =SUM(Monthly!DC24:DE24) -> 150768 | AD24: =SUM(Monthly!DF24:DH24) -> 170216 | AE24: =SUM(Monthly!DI24:DK24) -> 157390 | AF24: =SUM(Monthly!DL24:DN24) -> 149631 | AG24: =SUM(Monthly!DO24:DQ24) -> 153699 | AH24: =SUM(Monthly!DR24:DT24) -> 146835 | AI24: =SUM(Monthly!DU24:DW24) -> 117353 | AJ24: =SUM(Monthly!DX24:DZ24) -> 131559 | AK24: =SUM(Monthly!EA24:EC24) -> 154838 | AL24: =SUM(Monthly!ED24:EF24) -> 146059 | AM24: =SUM(Monthly!EG24:EI24) -> 128587 | AN24: =SUM(Monthly!EJ24:EL24) -> 130531 | AO24: =SUM(Monthly!EM24:EO24) -> 165613 | AP24: =SUM(Monthly!EP24:ER24) -> 152842 | AQ24: =SUM(Monthly!ES24:EU24) -> 135797 | AR24: =SUM(Monthly!EV24:EX24) -> 125538 | AS24: =SUM(Monthly!EY24:FA24) -> 165292 | AY24: Addition
A25: Production of Assembled Vehicles | B25: =SUM(Monthly!Z25:AB25) -> 1278 | C25: =SUM(Monthly!AC25:AE25) -> 1836 | D25: =SUM(Monthly!AF25:AH25) -> 1755 | E25: =SUM(Monthly!AI25:AK25) -> 1349 | F25: =SUM(Monthly!AL25:AN25) -> 1467 | G25: =SUM(Monthly!AO25:AQ25) -> 1753 | H25: =SUM(Monthly!AR25:AT25) -> 1785 | I25: =SUM(Monthly!AU25:AW25) -> 1943 | J25: =SUM(Monthly!AX25:AZ25) -> 2040 | K25: =SUM(Monthly!BA25:BC25) -> 2486 | L25: =SUM(Monthly!BD25:BF25) -> 2523 | M25: =SUM(Monthly!BG25:BI25) -> 2197 | N25: =SUM(Monthly!BJ25:BL25) -> 2472 | O25: =SUM(Monthly!BM25:BO25) -> 2385 | P25: =SUM(Monthly!BP25:BR25) -> 2717 | Q25: =SUM(Monthly!BS25:BU25) -> 2607 | R25: =SUM(Monthly!BV25:BX25) -> 1600 | S25: =SUM(Monthly!BY25:CA25) -> 1782 | T25: =SUM(Monthly!CB25:CD25) -> 1719 | U25: =SUM(Monthly!CE25:CG25) -> 1194 | V25: =SUM(Monthly!CH25:CJ25) -> 1499 | W25: =SUM(Monthly!CK25:CM25) -> 1193 | X25: =SUM(Monthly!CN25:CP25) -> 1136 | Y25: =SUM(Monthly!CQ25:CS25) -> 1056 | Z25: =SUM(Monthly!CT25:CV25) -> 1472 | AA25: =SUM(Monthly!CW25:CY25) -> 1182 | AB25: =SUM(Monthly!CZ25:DB25) -> 1627 | AC25: =SUM(Monthly!DC25:DE25) -> 1372 | AD25: =SUM(Monthly!DF25:DH25) -> 1678 | AE25: =SUM(Monthly!DI25:DK25) -> 2027 | AF25: =SUM(Monthly!DL25:DN25) -> 1952 | AG25: =SUM(Monthly!DO25:DQ25) -> 2145 | AH25: =SUM(Monthly!DR25:DT25) -> 2305 | AI25: =SUM(Monthly!DU25:DW25) -> 1743 | AJ25: =SUM(Monthly!DX25:DZ25) -> 1921 | AK25: =SUM(Monthly!EA25:EC25) -> 1756 | AL25: =SUM(Monthly!ED25:EF25) -> 1830 | AM25: =SUM(Monthly!EG25:EI25) -> 1922 | AN25: =SUM(Monthly!EJ25:EL25) -> 2933 | AO25: =SUM(Monthly!EM25:EO25) -> 3304 | AP25: =SUM(Monthly!EP25:ER25) -> 3433 | AQ25: =SUM(Monthly!ES25:EU25) -> 4017 | AR25: =SUM(Monthly!EV25:EX25) -> 3602 | AS25: =SUM(Monthly!EY25:FA25) -> 2421 | AY25: Addition
A26: Galvanized sheets Production (MT) | B26: =SUM(Monthly!Z26:AB26) -> 64102 | C26: =SUM(Monthly!AC26:AE26) -> 60269 | D26: =SUM(Monthly!AF26:AH26) -> 67719 | E26: =SUM(Monthly!AI26:AK26) -> 63725 | F26: =SUM(Monthly!AL26:AN26) -> 74698 | G26: =SUM(Monthly!AO26:AQ26) -> 76023 | H26: =SUM(Monthly!AR26:AT26) -> 77456 | I26: =SUM(Monthly!AU26:AW26) -> 77922 | J26: =SUM(Monthly!AX26:AZ26) -> 61930 | K26: =SUM(Monthly!BA26:BC26) -> 77887 | L26: =SUM(Monthly!BD26:BF26) -> 73658 | M26: =SUM(Monthly!BG26:BI26) -> 71034 | N26: =SUM(Monthly!BJ26:BL26) -> 64179 | O26: =SUM(Monthly!BM26:BO26) -> 64164 | P26: =SUM(Monthly!BP26:BR26) -> 59867 | Q26: =SUM(Monthly!BS26:BU26) -> 68726 | R26: =SUM(Monthly!BV26:BX26) -> 61552 | S26: =SUM(Monthly!BY26:CA26) -> 65269 | T26: =SUM(Monthly!CB26:CD26) -> 63555 | U26: =SUM(Monthly!CE26:CG26) -> 56902 | V26: =SUM(Monthly!CH26:CJ26) -> 71798 | W26: =SUM(Monthly!CK26:CM26) -> 61730 | X26: =SUM(Monthly!CN26:CP26) -> 62124 | Y26: =SUM(Monthly!CQ26:CS26) -> 67107 | Z26: =SUM(Monthly!CT26:CV26) -> 67857 | AA26: =SUM(Monthly!CW26:CY26) -> 65139 | AB26: =SUM(Monthly!CZ26:DB26) -> 66782 | AC26: =SUM(Monthly!DC26:DE26) -> 68049 | AD26: =SUM(Monthly!DF26:DH26) -> 69186 | AE26: =SUM(Monthly!DI26:DK26) -> 70382 | AF26: =SUM(Monthly!DL26:DN26) -> 67819 | AG26: =SUM(Monthly!DO26:DQ26) -> 67037 | AH26: =SUM(Monthly!DR26:DT26) -> 63913 | AI26: =SUM(Monthly!DU26:DW26) -> 48031 | AJ26: =SUM(Monthly!DX26:DZ26) -> 68520 | AK26: =SUM(Monthly!EA26:EC26) -> 66990 | AL26: =SUM(Monthly!ED26:EF26) -> 61174 | AM26: =SUM(Monthly!EG26:EI26) -> 65102 | AN26: =SUM(Monthly!EJ26:EL26) -> 57757 | AO26: =SUM(Monthly!EM26:EO26) -> 66385 | AP26: =SUM(Monthly!EP26:ER26) -> 62833 | AQ26: =SUM(Monthly!ES26:EU26) -> 64935 | AR26: =SUM(Monthly!EV26:EX26) -> 59792 | AS26: =SUM(Monthly!EY26:FA26) -> 58226 | AY26: Addition
A27: Energy | B27: Energy
A28: Hydropower Generation (KWh Million) | B28: =SUM(Monthly!Z28:AB28) -> 953.67 | C28: =SUM(Monthly!AC28:AE28) -> 938 | D28: =SUM(Monthly!AF28:AH28) -> 1039.57 | E28: =SUM(Monthly!AI28:AK28) -> 1100.67 | F28: =SUM(Monthly!AL28:AN28) -> 1057.83 | G28: =SUM(Monthly!AO28:AQ28) -> 1100.42 | H28: =SUM(Monthly!AR28:AT28) -> 1026.18 | I28: =SUM(Monthly!AU28:AW28) -> 1088.7 | J28: =SUM(Monthly!AX28:AZ28) -> 895.87 | K28: =SUM(Monthly!BA28:BC28) -> 821.12 | L28: =SUM(Monthly!BD28:BF28) -> 825.36 | M28: =SUM(Monthly!BG28:BI28) -> 868.52 | N28: =SUM(Monthly!BJ28:BL28) -> 753.75 | O28: =SUM(Monthly!BM28:BO28) -> 862.55 | P28: =SUM(Monthly!BP28:BR28) -> 930.2 | Q28: =SUM(Monthly!BS28:BU28) -> 916.85 | R28: =SUM(Monthly!BV28:BX28) -> 953.75 | S28: =SUM(Monthly!BY28:CA28) -> 985.92 | T28: =SUM(Monthly!CB28:CD28) -> 1049.16 | U28: =SUM(Monthly!CE28:CG28) -> 970.89 | V28: =SUM(Monthly!CH28:CJ28) -> 700.6 | W28: =SUM(Monthly!CK28:CM28) -> 620.33 | X28: =SUM(Monthly!CN28:CP28) -> 683.33 | Y28: =SUM(Monthly!CQ28:CS28) -> 772.56 | Z28: =SUM(Monthly!CT28:CV28) -> 664.77 | AA28: =SUM(Monthly!CW28:CY28) -> 1103.59 | AB28: =SUM(Monthly!CZ28:DB28) -> 1229.76 | AC28: =SUM(Monthly!DC28:DE28) -> 988.27 | AD28: =SUM(Monthly!DF28:DH28) -> 815.66 | AE28: =SUM(Monthly!DI28:DK28) -> 707.04 | AF28: =SUM(Monthly!DL28:DN28) -> 754.19 | AG28: =SUM(Monthly!DO28:DQ28) -> 928.47 | AH28: =SUM(Monthly!DR28:DT28) -> 1058.74 | AI28: =SUM(Monthly!DU28:DW28) -> 951.27 | AJ28: =SUM(Monthly!DX28:DZ28) -> 1071.28 | AK28: =SUM(Monthly!EA28:EC28) -> 1158.45 | AL28: =SUM(Monthly!ED28:EF28) -> 916.82 | AM28: =SUM(Monthly!EG28:EI28) -> 994.94 | AN28: =SUM(Monthly!EJ28:EL28) -> 821.5 | AO28: =SUM(Monthly!EM28:EO28) -> 941.72 | AP28: =SUM(Monthly!EP28:ER28) -> 807.73 | AQ28: =SUM(Monthly!ES28:EU28) -> 777.76 | AR28: =SUM(Monthly!EV28:EX28) -> 753.04 | AS28: =SUM(Monthly!EY28:FA28) -> 701.36 | AY28: Addition
A29: Geothermal Generation (KWh Million) | B29: =SUM(Monthly!Z29:AB29) -> 387.91 | C29: =SUM(Monthly!AC29:AE29) -> 385.06 | D29: =SUM(Monthly!AF29:AH29) -> 369.44 | E29: =SUM(Monthly!AI29:AK29) -> 379.75 | F29: =SUM(Monthly!AL29:AN29) -> 377.49 | G29: =SUM(Monthly!AO29:AQ29) -> 472.5 | H29: =SUM(Monthly!AR29:AT29) -> 467.6 | I29: =SUM(Monthly!AU29:AW29) -> 462.92 | J29: =SUM(Monthly!AX29:AZ29) -> 495.17 | K29: =SUM(Monthly!BA29:BC29) -> 581.54 | L29: =SUM(Monthly!BD29:BF29) -> 797.64 | M29: =SUM(Monthly!BG29:BI29) -> 1043.13 | N29: =SUM(Monthly!BJ29:BL29) -> 1117.19 | O29: =SUM(Monthly!BM29:BO29) -> 1101.74 | P29: =SUM(Monthly!BP29:BR29) -> 1119.61 | Q29: =SUM(Monthly!BS29:BU29) -> 1182.15 | R29: =SUM(Monthly!BV29:BX29) -> 1166.76 | S29: =SUM(Monthly!BY29:CA29) -> 1139.85 | T29: =SUM(Monthly!CB29:CD29) -> 1073.36 | U29: =SUM(Monthly!CE29:CG29) -> 1104.22 | V29: =SUM(Monthly!CH29:CJ29) -> 1122.18 | W29: =SUM(Monthly!CK29:CM29) -> 1151.17 | X29: =SUM(Monthly!CN29:CP29) -> 1219.33 | Y29: =SUM(Monthly!CQ29:CS29) -> 1263.65 | Z29: =SUM(Monthly!CT29:CV29) -> 1265.63 | AA29: =SUM(Monthly!CW29:CY29) -> 1304.78 | AB29: =SUM(Monthly!CZ29:DB29) -> 1304.49 | AC29: =SUM(Monthly!DC29:DE29) -> 1252.93 | AD29: =SUM(Monthly!DF29:DH29) -> 1236.88 | AE29: =SUM(Monthly!DI29:DK29) -> 1238.48 | AF29: =SUM(Monthly!DL29:DN29) -> 1319.69 | AG29: =SUM(Monthly!DO29:DQ29) -> 1439.6 | AH29: =SUM(Monthly!DR29:DT29) -> 1367.6 | AI29: =SUM(Monthly!DU29:DW29) -> 1224.99 | AJ29: =SUM(Monthly!DX29:DZ29) -> 1237.75 | AK29: =SUM(Monthly!EA29:EC29) -> 1229.45 | AL29: =SUM(Monthly!ED29:EF29) -> 1347.61 | AM29: =SUM(Monthly!EG29:EI29) -> 1218.88 | AN29: =SUM(Monthly!EJ29:EL29) -> 1355.76 | AO29: =SUM(Monthly!EM29:EO29) -> 1114.79 | AP29: =SUM(Monthly!EP29:ER29) -> 1025.91 | AQ29: =SUM(Monthly!ES29:EU29) -> 1456.68 | AR29: =SUM(Monthly!EV29:EX29) -> 1521.8 | AS29: =SUM(Monthly!EY29:FA29) -> 1513.16 | AY29: Addition
A30: Thermal Generation (KWh Million) | B30: =SUM(Monthly!Z30:AB30) -> 521.55 | C30: =SUM(Monthly!AC30:AE30) -> 481.76 | D30: =SUM(Monthly!AF30:AH30) -> 509.33 | E30: =SUM(Monthly!AI30:AK30) -> 477.41 | F30: =SUM(Monthly!AL30:AN30) -> 491.49 | G30: =SUM(Monthly!AO30:AQ30) -> 403.6 | H30: =SUM(Monthly!AR30:AT30) -> 517.02 | I30: =SUM(Monthly!AU30:AW30) -> 637.19 | J30: =SUM(Monthly!AX30:AZ30) -> 767.52 | K30: =SUM(Monthly!BA30:BC30) -> 781.47 | L30: =SUM(Monthly!BD30:BF30) -> 639.61 | M30: =SUM(Monthly!BG30:BI30) -> 371.97 | N30: =SUM(Monthly!BJ30:BL30) -> 364.49 | O30: =SUM(Monthly!BM30:BO30) -> 332.97 | P30: =SUM(Monthly!BP30:BR30) -> 353.47 | Q30: =SUM(Monthly!BS30:BU30) -> 280.66 | R30: =SUM(Monthly!BV30:BX30) -> 300.68 | S30: =SUM(Monthly!BY30:CA30) -> 307.48 | T30: =SUM(Monthly!CB30:CD30) -> 384.26 | U30: =SUM(Monthly!CE30:CG30) -> 451.14 | V30: =SUM(Monthly!CH30:CJ30) -> 609.01 | W30: =SUM(Monthly!CK30:CM30) -> 720.71 | X30: =SUM(Monthly!CN30:CP30) -> 644.09 | Y30: =SUM(Monthly!CQ30:CS30) -> 560.59 | Z30: =SUM(Monthly!CT30:CV30) -> 693.65 | AA30: =SUM(Monthly!CW30:CY30) -> 303.95 | AB30: =SUM(Monthly!CZ30:DB30) -> 289.42 | AC30: =SUM(Monthly!DC30:DE30) -> 258.89 | AD30: =SUM(Monthly!DF30:DH30) -> 311.63 | AE30: =SUM(Monthly!DI30:DK30) -> 437.71 | AF30: =SUM(Monthly!DL30:DN30) -> 369.95 | AG30: =SUM(Monthly!DO30:DQ30) -> 194.13 | AH30: =SUM(Monthly!DR30:DT30) -> 163.99 | AI30: =SUM(Monthly!DU30:DW30) -> 153.92 | AJ30: =SUM(Monthly!DX30:DZ30) -> 220.59 | AK30: =SUM(Monthly!EA30:EC30) -> 216.53 | AL30: =SUM(Monthly!ED30:EF30) -> 243.28 | AM30: =SUM(Monthly!EG30:EI30) -> 259.94 | AN30: =SUM(Monthly!EJ30:EL30) -> 339.18 | AO30: =SUM(Monthly!EM30:EO30) -> 419.81 | AP30: =SUM(Monthly!EP30:ER30) -> 600.39 | AQ30: =SUM(Monthly!ES30:EU30) -> 288.63 | AR30: =SUM(Monthly!EV30:EX30) -> 343.01 | AS30: =SUM(Monthly!EY30:FA30) -> 353.07 | AY30: Addition
